-- phpMyAdmin SQL Dump
-- version 4.7.0
-- https://www.phpmyadmin.net/
--
-- Host: 127.0.0.1
-- Generation Time: Jan 14, 2018 at 09:33 AM
-- Server version: 10.1.25-MariaDB
-- PHP Version: 7.1.7

SET SQL_MODE = "NO_AUTO_VALUE_ON_ZERO";
SET AUTOCOMMIT = 0;
START TRANSACTION;
SET time_zone = "+00:00";


/*!40101 SET @OLD_CHARACTER_SET_CLIENT=@@CHARACTER_SET_CLIENT */;
/*!40101 SET @OLD_CHARACTER_SET_RESULTS=@@CHARACTER_SET_RESULTS */;
/*!40101 SET @OLD_COLLATION_CONNECTION=@@COLLATION_CONNECTION */;
/*!40101 SET NAMES utf8mb4 */;

--
-- Database: `c9`
--

-- --------------------------------------------------------

--
-- Table structure for table `answers`
--

CREATE TABLE `answers` (
  `id` int(11) NOT NULL,
  `answer` varchar(50) NOT NULL,
  `quiz_id` int(11) NOT NULL
) ENGINE=InnoDB DEFAULT CHARSET=latin1;

-- --------------------------------------------------------

--
-- Table structure for table `apps_settings`
--

CREATE TABLE `apps_settings` (
  `id` int(11) NOT NULL,
  `name` varchar(255) NOT NULL,
  `value` text NOT NULL,
  `default_value` text NOT NULL,
  `description` text NOT NULL,
  `required` int(1) NOT NULL DEFAULT '0',
  `created_at` datetime NOT NULL,
  `modified_at` datetime DEFAULT NULL
) ENGINE=InnoDB DEFAULT CHARSET=utf8;

--
-- Dumping data for table `apps_settings`
--

INSERT INTO `apps_settings` (`id`, `name`, `value`, `default_value`, `description`, `required`, `created_at`, `modified_at`) VALUES
(1, 'elements_dir', 'elements', 'elements', '<h4>Elements Directory</h4>\r\n<p>\r\nThe directory where all your element HTML files are stored. This value is relative to the directory in which you installed the application. Do not add a trailing \"/\"\r\n</p>', 1, '0000-00-00 00:00:00', '0000-00-00 00:00:00'),
(2, 'images_dir', 'images', 'images', '<h4>Image Directory</h4>\r\n<p>\r\nThis is the main directory for the images used by your elements. The images located in this directory belong to the administrator and can not be deleted by regular users. This directory needs to have <b>full read and write permissions!</b>\r\n</p>', 1, '0000-00-00 00:00:00', '0000-00-00 00:00:00'),
(3, 'images_uploadDir', 'images/uploads', 'images/uploads', '<h4>Image Upload Directory</h4>\r\n<p>\r\nThis directory is used to store images uploaded by regular users. Each user will have his/her own directory within this directory. This directory needs to have <b>full read and write permissions!</b>.\r\n</p>', 1, '0000-00-00 00:00:00', '0000-00-00 00:00:00'),
(4, 'upload_allowed_types', 'image/gif, image/jpg, image/png', 'image/gif, image/jpg, image/png', '<h4>Allowed Image Types</h4>\r\n<p>\r\nThe types of images users are allowed to upload, separated by \"|\".\r\n</p>', 1, '0000-00-00 00:00:00', '0000-00-00 00:00:00'),
(5, 'upload_max_size', '1000', '1000', '<h4>Maximum Upload Filesize</h4>\r\n<p>\r\nThe maximum allowed filesize for images uploaded by users. This number is represents the number of kilobytes. Please note that this number of overruled by possible server settings.\r\n</p>', 1, '0000-00-00 00:00:00', '0000-00-00 00:00:00'),
(8, 'images_allowedExtensions', 'jpg|png|gif|svg', 'jpg|png|gif|svg', '<h4>Allowed Extensions</h4>\r\n<p>\r\nThese allowed extensions are used when displayed the image library to the user, only these file types will be visible. \r\n</p>', 1, '0000-00-00 00:00:00', '0000-00-00 00:00:00'),
(9, 'export_pathToAssets', 'elements/bundles|elements/css|images', 'elements/bundles|elements/css|images', '<h4>Assets Included in the export</h4>\r\n<p>\r\nThe collection of asset paths included in the export function. These paths are relative to the folder in which the application was installed and should have NO trailing \"/\". The paths are separated by \"|\".\r\n</p>', 0, '0000-00-00 00:00:00', '0000-00-00 00:00:00'),
(10, 'export_fileName', 'website.zip', 'website.zip', '<h4>The Export File Name</h4>\r\n<p>\r\nThe name of the ZIP archive file downloaded when exporting a site. We recommend using the \".zip\" file extension (others might work, but have not been tested).\r\n</p>', 1, '0000-00-00 00:00:00', '0000-00-00 00:00:00'),
(11, 'language', 'english', 'english', '<h4>Application Language</h4>\r\n<p>\r\n\"english\" by default. If you\'re changing this to anything else, please be sure to have all required language files translated and located in the correct folder inside \"/application/languages/yourlanguage\".\r\n</p>', 1, '0000-00-00 00:00:00', '0000-00-00 00:00:00'),
(12, 'google_api', '', '', '<h4>Google Maps API</h4>\r\n<p>\r\nTo be able to use Google Maps within blocks, you will need to provide a properly functioning Google Maps API with access to the Geocoding library.\".\r\n</p>', 0, '0000-00-00 00:00:00', '0000-00-00 00:00:00');

-- --------------------------------------------------------

--
-- Table structure for table `choices`
--

CREATE TABLE `choices` (
  `id` int(11) NOT NULL,
  `value` varchar(50) NOT NULL,
  `question_id` int(11) NOT NULL,
  `outcome_id` int(11) DEFAULT NULL
) ENGINE=InnoDB DEFAULT CHARSET=latin1;

--
-- Dumping data for table `choices`
--

INSERT INTO `choices` (`id`, `value`, `question_id`, `outcome_id`) VALUES
(78, 'yes', 67, 8),
(79, 'Sometimes', 67, 10),
(80, 'No', 67, 9),
(81, 'yes', 68, 8),
(82, 'Sometimes', 68, 10),
(83, 'no', 68, 9),
(87, 'yes', 70, 8),
(88, 'Sometimes', 70, 9),
(89, 'No', 70, 8),
(90, 'yes', 71, 8),
(91, 'sometimes', 71, 9),
(92, 'no', 71, 10),
(93, '0 - $40,000', 72, 11),
(94, '$40,000 - $60,000', 72, 12),
(95, '$60,000 - $100,000', 72, 13),
(96, 'More than $100,000', 72, 13),
(97, 'Full time', 73, 13),
(98, 'Part time', 73, 11),
(99, 'I have more than one part-time job', 73, 12),
(100, 'I’m self-employed', 73, 12),
(101, 'I’m unemployed', 73, 11),
(102, 'It costs a lot of money up front.', 74, 12),
(103, 'Qualifying for a loan is hard.', 74, 11),
(104, 'Building my own equity rather than paying a landlo', 74, 13),
(105, 'Having a place to call my own.', 74, 13),
(106, 'I’m excited. I’ve always wanted to have a garden, ', 75, 13),
(107, 'I’m not sure. I might enjoy it, but then again, I’', 75, 12),
(108, 'Isn’t there an app for that? Yard work isn’t my th', 75, 11);

-- --------------------------------------------------------

--
-- Table structure for table `choices_template`
--

CREATE TABLE `choices_template` (
  `id` int(11) NOT NULL,
  `value` varchar(100) NOT NULL,
  `question_id` int(11) NOT NULL,
  `outcome_id` int(11) DEFAULT NULL
) ENGINE=InnoDB DEFAULT CHARSET=latin1;

--
-- Dumping data for table `choices_template`
--

INSERT INTO `choices_template` (`id`, `value`, `question_id`, `outcome_id`) VALUES
(2, 'fly', 1, 5),
(3, 'Yes', 2, NULL),
(4, 'Sometimes', 2, NULL),
(5, 'No', 2, NULL),
(6, 'one', 11, NULL),
(7, 'one', 11, NULL),
(8, 'dragon', 1, NULL),
(10, 'one', 3, 6),
(11, 'two', 3, NULL);

-- --------------------------------------------------------

--
-- Table structure for table `ci_sessions`
--

CREATE TABLE `ci_sessions` (
  `id` varchar(40) NOT NULL,
  `ip_address` varchar(45) NOT NULL,
  `timestamp` int(10) UNSIGNED NOT NULL DEFAULT '0',
  `data` blob NOT NULL
) ENGINE=InnoDB DEFAULT CHARSET=utf8;

--
-- Dumping data for table `ci_sessions`
--

INSERT INTO `ci_sessions` (`id`, `ip_address`, `timestamp`, `data`) VALUES
('l6cbvg8jvqj2dqaqcprbdqu5obcnnr70', '::1', 1515498450, 0x5f5f63695f6c6173745f726567656e65726174657c693a313531353439383435303b757365725f69647c733a313a2232223b7061636b6167655f69647c733a313a2230223b757365725f666e616d657c733a353a224669727374223b757365725f6c6e616d657c733a343a2255736572223b757365725f656d61696c7c733a31383a226d61696e7573657240676d61696c2e636f6d223b757365725f747970657c733a343a2255736572223b),
('j3ich5na89hvklcj7hcodm5tpjt69rll', '::1', 1515498762, 0x5f5f63695f6c6173745f726567656e65726174657c693a313531353439383736323b757365725f69647c733a313a2232223b7061636b6167655f69647c733a313a2230223b757365725f666e616d657c733a353a224669727374223b757365725f6c6e616d657c733a343a2255736572223b757365725f656d61696c7c733a31383a226d61696e7573657240676d61696c2e636f6d223b757365725f747970657c733a343a2255736572223b),
('21j8mavnljll4g1iejr0p06ldmb6cig7', '::1', 1515499077, 0x5f5f63695f6c6173745f726567656e65726174657c693a313531353439393037373b757365725f69647c733a313a2232223b7061636b6167655f69647c733a313a2230223b757365725f666e616d657c733a353a224669727374223b757365725f6c6e616d657c733a343a2255736572223b757365725f656d61696c7c733a31383a226d61696e7573657240676d61696c2e636f6d223b757365725f747970657c733a343a2255736572223b),
('ad99kg70uhj1rpul3mi1bil9m5ba96ql', '::1', 1515500163, 0x5f5f63695f6c6173745f726567656e65726174657c693a313531353530303136333b757365725f69647c733a313a2232223b7061636b6167655f69647c733a313a2230223b757365725f666e616d657c733a353a224669727374223b757365725f6c6e616d657c733a343a2255736572223b757365725f656d61696c7c733a31383a226d61696e7573657240676d61696c2e636f6d223b757365725f747970657c733a343a2255736572223b),
('g5uktbaqgqi9bs70vf5vng291udpimo4', '::1', 1515500515, 0x5f5f63695f6c6173745f726567656e65726174657c693a313531353530303531353b757365725f69647c733a313a2232223b7061636b6167655f69647c733a313a2230223b757365725f666e616d657c733a353a224669727374223b757365725f6c6e616d657c733a343a2255736572223b757365725f656d61696c7c733a31383a226d61696e7573657240676d61696c2e636f6d223b757365725f747970657c733a343a2255736572223b),
('qrgnqd7bc98coknv20v5dldc72nj6piv', '::1', 1515500831, 0x5f5f63695f6c6173745f726567656e65726174657c693a313531353530303833313b757365725f69647c733a313a2232223b7061636b6167655f69647c733a313a2230223b757365725f666e616d657c733a353a224669727374223b757365725f6c6e616d657c733a343a2255736572223b757365725f656d61696c7c733a31383a226d61696e7573657240676d61696c2e636f6d223b757365725f747970657c733a343a2255736572223b),
('7utod8pco07l8mit0qtqmr3purlpggpr', '::1', 1515501794, 0x5f5f63695f6c6173745f726567656e65726174657c693a313531353530313739343b757365725f69647c733a313a2232223b7061636b6167655f69647c733a313a2230223b757365725f666e616d657c733a353a224669727374223b757365725f6c6e616d657c733a343a2255736572223b757365725f656d61696c7c733a31383a226d61696e7573657240676d61696c2e636f6d223b757365725f747970657c733a343a2255736572223b),
('5u33t3f74l7feu9859f80v97flbb60a0', '::1', 1515502509, 0x5f5f63695f6c6173745f726567656e65726174657c693a313531353530323530393b757365725f69647c733a313a2232223b7061636b6167655f69647c733a313a2230223b757365725f666e616d657c733a353a224669727374223b757365725f6c6e616d657c733a343a2255736572223b757365725f656d61696c7c733a31383a226d61696e7573657240676d61696c2e636f6d223b757365725f747970657c733a343a2255736572223b),
('vh7gkdhf8kmavf1lcrkpqjqi6petsajv', '::1', 1515502850, 0x5f5f63695f6c6173745f726567656e65726174657c693a313531353530323835303b757365725f69647c733a313a2232223b7061636b6167655f69647c733a313a2230223b757365725f666e616d657c733a353a224669727374223b757365725f6c6e616d657c733a343a2255736572223b757365725f656d61696c7c733a31383a226d61696e7573657240676d61696c2e636f6d223b757365725f747970657c733a343a2255736572223b),
('u5o80km9fsrvk8hn3sa2a7rl432l7hcn', '::1', 1515503464, 0x5f5f63695f6c6173745f726567656e65726174657c693a313531353530333436343b757365725f69647c733a313a2232223b7061636b6167655f69647c733a313a2230223b757365725f666e616d657c733a353a224669727374223b757365725f6c6e616d657c733a343a2255736572223b757365725f656d61696c7c733a31383a226d61696e7573657240676d61696c2e636f6d223b757365725f747970657c733a343a2255736572223b),
('p3a3fmqv9hhostc8eb3vbd3125u6skb1', '::1', 1515503882, 0x5f5f63695f6c6173745f726567656e65726174657c693a313531353530333838323b757365725f69647c733a313a2232223b7061636b6167655f69647c733a313a2230223b757365725f666e616d657c733a353a224669727374223b757365725f6c6e616d657c733a343a2255736572223b757365725f656d61696c7c733a31383a226d61696e7573657240676d61696c2e636f6d223b757365725f747970657c733a343a2255736572223b),
('a7po5iibutfsnqd041nhi4lr6ecm4nfc', '::1', 1515504265, 0x5f5f63695f6c6173745f726567656e65726174657c693a313531353530343236353b757365725f69647c733a313a2232223b7061636b6167655f69647c733a313a2230223b757365725f666e616d657c733a353a224669727374223b757365725f6c6e616d657c733a343a2255736572223b757365725f656d61696c7c733a31383a226d61696e7573657240676d61696c2e636f6d223b757365725f747970657c733a343a2255736572223b),
('l0e7cvf5jte1965hm64f2pkjs3mfvkpg', '::1', 1515504720, 0x5f5f63695f6c6173745f726567656e65726174657c693a313531353530343732303b757365725f69647c733a313a2232223b7061636b6167655f69647c733a313a2230223b757365725f666e616d657c733a353a224669727374223b757365725f6c6e616d657c733a343a2255736572223b757365725f656d61696c7c733a31383a226d61696e7573657240676d61696c2e636f6d223b757365725f747970657c733a343a2255736572223b),
('e7ag93p1r9lgnmu1al5052snnk1g0vrc', '::1', 1515505226, 0x5f5f63695f6c6173745f726567656e65726174657c693a313531353530353232363b757365725f69647c733a313a2232223b7061636b6167655f69647c733a313a2230223b757365725f666e616d657c733a353a224669727374223b757365725f6c6e616d657c733a343a2255736572223b757365725f656d61696c7c733a31383a226d61696e7573657240676d61696c2e636f6d223b757365725f747970657c733a343a2255736572223b),
('74ft1kp6db3qfrbsijvmqec183qkd3ln', '::1', 1515505661, 0x5f5f63695f6c6173745f726567656e65726174657c693a313531353530353636313b757365725f69647c733a313a2232223b7061636b6167655f69647c733a313a2230223b757365725f666e616d657c733a353a224669727374223b757365725f6c6e616d657c733a343a2255736572223b757365725f656d61696c7c733a31383a226d61696e7573657240676d61696c2e636f6d223b757365725f747970657c733a343a2255736572223b),
('p5o22adl4dfo1tug93k0m29ffkjp4lg4', '::1', 1515506108, 0x5f5f63695f6c6173745f726567656e65726174657c693a313531353530363130383b757365725f69647c733a313a2232223b7061636b6167655f69647c733a313a2230223b757365725f666e616d657c733a353a224669727374223b757365725f6c6e616d657c733a343a2255736572223b757365725f656d61696c7c733a31383a226d61696e7573657240676d61696c2e636f6d223b757365725f747970657c733a343a2255736572223b),
('ocn3tjdlcfonftkq1pbpcq8b1n5hf356', '::1', 1515506423, 0x5f5f63695f6c6173745f726567656e65726174657c693a313531353530363432333b757365725f69647c733a313a2232223b7061636b6167655f69647c733a313a2230223b757365725f666e616d657c733a353a224669727374223b757365725f6c6e616d657c733a343a2255736572223b757365725f656d61696c7c733a31383a226d61696e7573657240676d61696c2e636f6d223b757365725f747970657c733a343a2255736572223b),
('5vja6mo969dn9l8df3nk91sg7oblleq8', '::1', 1515506745, 0x5f5f63695f6c6173745f726567656e65726174657c693a313531353530363734353b757365725f69647c733a313a2232223b7061636b6167655f69647c733a313a2230223b757365725f666e616d657c733a353a224669727374223b757365725f6c6e616d657c733a343a2255736572223b757365725f656d61696c7c733a31383a226d61696e7573657240676d61696c2e636f6d223b757365725f747970657c733a343a2255736572223b),
('q59qirpck53ed9ka1ksvnpnsc241q8ps', '::1', 1515507074, 0x5f5f63695f6c6173745f726567656e65726174657c693a313531353530373037343b757365725f69647c733a313a2232223b7061636b6167655f69647c733a313a2230223b757365725f666e616d657c733a353a224669727374223b757365725f6c6e616d657c733a343a2255736572223b757365725f656d61696c7c733a31383a226d61696e7573657240676d61696c2e636f6d223b757365725f747970657c733a343a2255736572223b),
('1khtv2j2t7c2dflifntid48qg9khtcoo', '::1', 1515507376, 0x5f5f63695f6c6173745f726567656e65726174657c693a313531353530373337363b757365725f69647c733a313a2232223b7061636b6167655f69647c733a313a2230223b757365725f666e616d657c733a353a224669727374223b757365725f6c6e616d657c733a343a2255736572223b757365725f656d61696c7c733a31383a226d61696e7573657240676d61696c2e636f6d223b757365725f747970657c733a343a2255736572223b),
('dqcmg727dv97ullpmsdtth4n6brp267v', '::1', 1515508041, 0x5f5f63695f6c6173745f726567656e65726174657c693a313531353530383034313b757365725f69647c733a313a2232223b7061636b6167655f69647c733a313a2230223b757365725f666e616d657c733a353a224669727374223b757365725f6c6e616d657c733a343a2255736572223b757365725f656d61696c7c733a31383a226d61696e7573657240676d61696c2e636f6d223b757365725f747970657c733a343a2255736572223b),
('8pc11jt0d1ofn6iqumlkhmf36b4ihqdd', '::1', 1515508260, 0x5f5f63695f6c6173745f726567656e65726174657c693a313531353530383034313b757365725f69647c733a313a2232223b7061636b6167655f69647c733a313a2230223b757365725f666e616d657c733a353a224669727374223b757365725f6c6e616d657c733a343a2255736572223b757365725f656d61696c7c733a31383a226d61696e7573657240676d61696c2e636f6d223b757365725f747970657c733a343a2255736572223b),
('n10jggq9abtqjl0nmnf352td2u4d9pfn', '::1', 1515579871, 0x5f5f63695f6c6173745f726567656e65726174657c693a313531353537393837313b757365725f69647c733a313a2232223b7061636b6167655f69647c733a313a2230223b757365725f666e616d657c733a353a224669727374223b757365725f6c6e616d657c733a343a2255736572223b757365725f656d61696c7c733a31383a226d61696e7573657240676d61696c2e636f6d223b757365725f747970657c733a343a2255736572223b637175697a5f69647c4e3b),
('6giddu8odbebif48p5jtqopr4u1dakb8', '::1', 1515580216, 0x5f5f63695f6c6173745f726567656e65726174657c693a313531353538303231363b757365725f69647c733a313a2232223b7061636b6167655f69647c733a313a2230223b757365725f666e616d657c733a353a224669727374223b757365725f6c6e616d657c733a343a2255736572223b757365725f656d61696c7c733a31383a226d61696e7573657240676d61696c2e636f6d223b757365725f747970657c733a343a2255736572223b637175697a5f69647c4e3b),
('tmnv2anv62gm68933ug9o92uotu7i2s0', '::1', 1515580571, 0x5f5f63695f6c6173745f726567656e65726174657c693a313531353538303537313b757365725f69647c733a313a2232223b7061636b6167655f69647c733a313a2230223b757365725f666e616d657c733a353a224669727374223b757365725f6c6e616d657c733a343a2255736572223b757365725f656d61696c7c733a31383a226d61696e7573657240676d61696c2e636f6d223b757365725f747970657c733a343a2255736572223b637175697a5f69647c4e3b),
('9ceq11mh64s17jt9j952hamcqjlbujuk', '::1', 1515581163, 0x5f5f63695f6c6173745f726567656e65726174657c693a313531353538313136333b757365725f69647c733a313a2232223b7061636b6167655f69647c733a313a2230223b757365725f666e616d657c733a353a224669727374223b757365725f6c6e616d657c733a343a2255736572223b757365725f656d61696c7c733a31383a226d61696e7573657240676d61696c2e636f6d223b757365725f747970657c733a343a2255736572223b637175697a5f69647c4e3b),
('mms239i9v83trqhfl5nt4nug6nno2set', '::1', 1515581467, 0x5f5f63695f6c6173745f726567656e65726174657c693a313531353538313436373b757365725f69647c733a313a2232223b7061636b6167655f69647c733a313a2230223b757365725f666e616d657c733a353a224669727374223b757365725f6c6e616d657c733a343a2255736572223b757365725f656d61696c7c733a31383a226d61696e7573657240676d61696c2e636f6d223b757365725f747970657c733a343a2255736572223b637175697a5f69647c4e3b),
('tsiq63astrnqgimqjj4vv2f1q9fdrtbl', '::1', 1515582894, 0x5f5f63695f6c6173745f726567656e65726174657c693a313531353538323839343b757365725f69647c733a313a2232223b7061636b6167655f69647c733a313a2230223b757365725f666e616d657c733a353a224669727374223b757365725f6c6e616d657c733a343a2255736572223b757365725f656d61696c7c733a31383a226d61696e7573657240676d61696c2e636f6d223b757365725f747970657c733a343a2255736572223b637175697a5f69647c4e3b),
('eehmdgolautu8soptpo9qf6gkc5b1o3m', '::1', 1515583341, 0x5f5f63695f6c6173745f726567656e65726174657c693a313531353538333334313b757365725f69647c733a313a2232223b7061636b6167655f69647c733a313a2230223b757365725f666e616d657c733a353a224669727374223b757365725f6c6e616d657c733a343a2255736572223b757365725f656d61696c7c733a31383a226d61696e7573657240676d61696c2e636f6d223b757365725f747970657c733a343a2255736572223b637175697a5f69647c4e3b),
('acsck0oq3vhiguls10mefofdrdvfn6db', '::1', 1515583837, 0x5f5f63695f6c6173745f726567656e65726174657c693a313531353538333833373b757365725f69647c733a313a2232223b7061636b6167655f69647c733a313a2230223b757365725f666e616d657c733a353a224669727374223b757365725f6c6e616d657c733a343a2255736572223b757365725f656d61696c7c733a31383a226d61696e7573657240676d61696c2e636f6d223b757365725f747970657c733a343a2255736572223b637175697a5f69647c4e3b),
('tb8dvtq9kj04vhpo5m88dj43723rdalh', '::1', 1515584158, 0x5f5f63695f6c6173745f726567656e65726174657c693a313531353538343135383b757365725f69647c733a313a2232223b7061636b6167655f69647c733a313a2230223b757365725f666e616d657c733a353a224669727374223b757365725f6c6e616d657c733a343a2255736572223b757365725f656d61696c7c733a31383a226d61696e7573657240676d61696c2e636f6d223b757365725f747970657c733a343a2255736572223b637175697a5f69647c4e3b),
('h3mq4vojmptubi9onpi6a6fcnce4oct5', '::1', 1515585074, 0x5f5f63695f6c6173745f726567656e65726174657c693a313531353538353037343b757365725f69647c733a313a2232223b7061636b6167655f69647c733a313a2230223b757365725f666e616d657c733a353a224669727374223b757365725f6c6e616d657c733a343a2255736572223b757365725f656d61696c7c733a31383a226d61696e7573657240676d61696c2e636f6d223b757365725f747970657c733a343a2255736572223b637175697a5f69647c4e3b),
('om541fosomvlpb3elcpsh3o89034rgp5', '::1', 1515585499, 0x5f5f63695f6c6173745f726567656e65726174657c693a313531353538353439393b757365725f69647c733a313a2232223b7061636b6167655f69647c733a313a2230223b757365725f666e616d657c733a353a224669727374223b757365725f6c6e616d657c733a343a2255736572223b757365725f656d61696c7c733a31383a226d61696e7573657240676d61696c2e636f6d223b757365725f747970657c733a343a2255736572223b637175697a5f69647c4e3b),
('fekrhu91cm81d11dn4uu2ggvgqdntc7r', '::1', 1515585831, 0x5f5f63695f6c6173745f726567656e65726174657c693a313531353538353833313b757365725f69647c733a313a2232223b7061636b6167655f69647c733a313a2230223b757365725f666e616d657c733a353a224669727374223b757365725f6c6e616d657c733a343a2255736572223b757365725f656d61696c7c733a31383a226d61696e7573657240676d61696c2e636f6d223b757365725f747970657c733a343a2255736572223b637175697a5f69647c4e3b),
('loulse154bojbqtlm48mtvko9r0lgvkt', '::1', 1515586249, 0x5f5f63695f6c6173745f726567656e65726174657c693a313531353538363234393b757365725f69647c733a313a2232223b7061636b6167655f69647c733a313a2230223b757365725f666e616d657c733a353a224669727374223b757365725f6c6e616d657c733a343a2255736572223b757365725f656d61696c7c733a31383a226d61696e7573657240676d61696c2e636f6d223b757365725f747970657c733a343a2255736572223b637175697a5f69647c4e3b),
('a5qutmuusdsb303b6as594alpqcuk3q3', '::1', 1515586919, 0x5f5f63695f6c6173745f726567656e65726174657c693a313531353538363931393b757365725f69647c733a313a2232223b7061636b6167655f69647c733a313a2230223b757365725f666e616d657c733a353a224669727374223b757365725f6c6e616d657c733a343a2255736572223b757365725f656d61696c7c733a31383a226d61696e7573657240676d61696c2e636f6d223b757365725f747970657c733a343a2255736572223b637175697a5f69647c4e3b),
('p18puo2urliodsjodte5q9oqb6pb7qcd', '::1', 1515591147, 0x5f5f63695f6c6173745f726567656e65726174657c693a313531353539313134373b),
('67mj4106mem0c49tsr1974crgvuk20ej', '::1', 1515587473, 0x5f5f63695f6c6173745f726567656e65726174657c693a313531353538373437333b757365725f69647c733a313a2232223b7061636b6167655f69647c733a313a2230223b757365725f666e616d657c733a353a224669727374223b757365725f6c6e616d657c733a343a2255736572223b757365725f656d61696c7c733a31383a226d61696e7573657240676d61696c2e636f6d223b757365725f747970657c733a343a2255736572223b637175697a5f69647c4e3b),
('5a7hf7oummr3iaab3jt3kbmkut68l69u', '::1', 1515588234, 0x5f5f63695f6c6173745f726567656e65726174657c693a313531353538383233343b757365725f69647c733a313a2232223b7061636b6167655f69647c733a313a2230223b757365725f666e616d657c733a353a224669727374223b757365725f6c6e616d657c733a343a2255736572223b757365725f656d61696c7c733a31383a226d61696e7573657240676d61696c2e636f6d223b757365725f747970657c733a343a2255736572223b637175697a5f69647c4e3b),
('f5merblk6412u1msk0219b0igh2kar7u', '::1', 1515588812, 0x5f5f63695f6c6173745f726567656e65726174657c693a313531353538383831323b757365725f69647c733a313a2232223b7061636b6167655f69647c733a313a2230223b757365725f666e616d657c733a353a224669727374223b757365725f6c6e616d657c733a343a2255736572223b757365725f656d61696c7c733a31383a226d61696e7573657240676d61696c2e636f6d223b757365725f747970657c733a343a2255736572223b637175697a5f69647c4e3b),
('fs7mr6fl3rkrjc9se45f6ru81dtu4aue', '::1', 1515589123, 0x5f5f63695f6c6173745f726567656e65726174657c693a313531353538393132333b757365725f69647c733a313a2232223b7061636b6167655f69647c733a313a2230223b757365725f666e616d657c733a353a224669727374223b757365725f6c6e616d657c733a343a2255736572223b757365725f656d61696c7c733a31383a226d61696e7573657240676d61696c2e636f6d223b757365725f747970657c733a343a2255736572223b637175697a5f69647c4e3b),
('j9i8gl241fop4oogiebehmmf27e9jg1m', '::1', 1515589440, 0x5f5f63695f6c6173745f726567656e65726174657c693a313531353538393434303b757365725f69647c733a313a2232223b7061636b6167655f69647c733a313a2230223b757365725f666e616d657c733a353a224669727374223b757365725f6c6e616d657c733a343a2255736572223b757365725f656d61696c7c733a31383a226d61696e7573657240676d61696c2e636f6d223b757365725f747970657c733a343a2255736572223b637175697a5f69647c4e3b),
('kg72q8aoprm1dfruarj4s9rlcksogvsn', '::1', 1515589745, 0x5f5f63695f6c6173745f726567656e65726174657c693a313531353538393734353b757365725f69647c733a313a2232223b7061636b6167655f69647c733a313a2230223b757365725f666e616d657c733a353a224669727374223b757365725f6c6e616d657c733a343a2255736572223b757365725f656d61696c7c733a31383a226d61696e7573657240676d61696c2e636f6d223b757365725f747970657c733a343a2255736572223b637175697a5f69647c4e3b),
('k9d2nsf4koltg9oq2e4j6qi9tdf4qhj0', '::1', 1515590046, 0x5f5f63695f6c6173745f726567656e65726174657c693a313531353539303034363b757365725f69647c733a313a2232223b7061636b6167655f69647c733a313a2230223b757365725f666e616d657c733a353a224669727374223b757365725f6c6e616d657c733a343a2255736572223b757365725f656d61696c7c733a31383a226d61696e7573657240676d61696c2e636f6d223b757365725f747970657c733a343a2255736572223b637175697a5f69647c4e3b),
('i8dlhm7brfngeruiddb50s3hu8h3oatl', '::1', 1515590354, 0x5f5f63695f6c6173745f726567656e65726174657c693a313531353539303335343b757365725f69647c733a313a2232223b7061636b6167655f69647c733a313a2230223b757365725f666e616d657c733a353a224669727374223b757365725f6c6e616d657c733a343a2255736572223b757365725f656d61696c7c733a31383a226d61696e7573657240676d61696c2e636f6d223b757365725f747970657c733a343a2255736572223b637175697a5f69647c4e3b),
('leg9aekgd8n1b1r72pmik72usivj74o8', '::1', 1515590797, 0x5f5f63695f6c6173745f726567656e65726174657c693a313531353539303739373b757365725f69647c733a313a2232223b7061636b6167655f69647c733a313a2230223b757365725f666e616d657c733a353a224669727374223b757365725f6c6e616d657c733a343a2255736572223b757365725f656d61696c7c733a31383a226d61696e7573657240676d61696c2e636f6d223b757365725f747970657c733a343a2255736572223b637175697a5f69647c4e3b),
('79b9stgn48psqcp3kt7jijobl6ctomkn', '::1', 1515591114, 0x5f5f63695f6c6173745f726567656e65726174657c693a313531353539313131343b757365725f69647c733a313a2232223b7061636b6167655f69647c733a313a2230223b757365725f666e616d657c733a353a224669727374223b757365725f6c6e616d657c733a343a2255736572223b757365725f656d61696c7c733a31383a226d61696e7573657240676d61696c2e636f6d223b757365725f747970657c733a343a2255736572223b637175697a5f69647c4e3b),
('rr3v3i96kkffkbq4p6emighmsc4rpv43', '::1', 1515591543, 0x5f5f63695f6c6173745f726567656e65726174657c693a313531353539313534333b757365725f69647c733a313a2232223b7061636b6167655f69647c733a313a2230223b757365725f666e616d657c733a353a224669727374223b757365725f6c6e616d657c733a343a2255736572223b757365725f656d61696c7c733a31383a226d61696e7573657240676d61696c2e636f6d223b757365725f747970657c733a343a2255736572223b637175697a5f69647c4e3b),
('8ij33chka0607fetpts0vv2qie9tshic', '::1', 1515592526, 0x5f5f63695f6c6173745f726567656e65726174657c693a313531353539323532363b),
('29n6t1pbv3v0f50lnda0snr2domrnp3h', '::1', 1515591847, 0x5f5f63695f6c6173745f726567656e65726174657c693a313531353539313834373b757365725f69647c733a313a2232223b7061636b6167655f69647c733a313a2230223b757365725f666e616d657c733a353a224669727374223b757365725f6c6e616d657c733a343a2255736572223b757365725f656d61696c7c733a31383a226d61696e7573657240676d61696c2e636f6d223b757365725f747970657c733a343a2255736572223b637175697a5f69647c4e3b),
('jsjueknap74d27j51b140l7vbf5bio25', '::1', 1515592166, 0x5f5f63695f6c6173745f726567656e65726174657c693a313531353539323136363b757365725f69647c733a313a2232223b7061636b6167655f69647c733a313a2230223b757365725f666e616d657c733a353a224669727374223b757365725f6c6e616d657c733a343a2255736572223b757365725f656d61696c7c733a31383a226d61696e7573657240676d61696c2e636f6d223b757365725f747970657c733a343a2255736572223b637175697a5f69647c4e3b),
('f5qllc94reb28hfpnlleavp817m3o4qh', '::1', 1515592477, 0x5f5f63695f6c6173745f726567656e65726174657c693a313531353539323437373b757365725f69647c733a313a2232223b7061636b6167655f69647c733a313a2230223b757365725f666e616d657c733a353a224669727374223b757365725f6c6e616d657c733a343a2255736572223b757365725f656d61696c7c733a31383a226d61696e7573657240676d61696c2e636f6d223b757365725f747970657c733a343a2255736572223b637175697a5f69647c4e3b),
('15emldhkrmudo0ajj5ji2afsq9tqtcja', '::1', 1515593134, 0x5f5f63695f6c6173745f726567656e65726174657c693a313531353539333133343b757365725f69647c733a313a2232223b7061636b6167655f69647c733a313a2230223b757365725f666e616d657c733a353a224669727374223b757365725f6c6e616d657c733a343a2255736572223b757365725f656d61696c7c733a31383a226d61696e7573657240676d61696c2e636f6d223b757365725f747970657c733a343a2255736572223b637175697a5f69647c4e3b),
('mp06e80vi6fhqch99mn0fvn6hai3ndel', '::1', 1515599640, 0x5f5f63695f6c6173745f726567656e65726174657c693a313531353539393538363b),
('9j8q9l0t6lpotai5jte49shfbvae6me9', '::1', 1515593960, 0x5f5f63695f6c6173745f726567656e65726174657c693a313531353539333936303b757365725f69647c733a313a2232223b7061636b6167655f69647c733a313a2230223b757365725f666e616d657c733a353a224669727374223b757365725f6c6e616d657c733a343a2255736572223b757365725f656d61696c7c733a31383a226d61696e7573657240676d61696c2e636f6d223b757365725f747970657c733a343a2255736572223b637175697a5f69647c4e3b),
('rnbpa3do7crnn513278ivr61k4mibguh', '::1', 1515594272, 0x5f5f63695f6c6173745f726567656e65726174657c693a313531353539343237323b757365725f69647c733a313a2232223b7061636b6167655f69647c733a313a2230223b757365725f666e616d657c733a353a224669727374223b757365725f6c6e616d657c733a343a2255736572223b757365725f656d61696c7c733a31383a226d61696e7573657240676d61696c2e636f6d223b757365725f747970657c733a343a2255736572223b637175697a5f69647c4e3b),
('ug66jursgja8v8qr3rasqf0fdskshm27', '::1', 1515594594, 0x5f5f63695f6c6173745f726567656e65726174657c693a313531353539343539343b757365725f69647c733a313a2232223b7061636b6167655f69647c733a313a2230223b757365725f666e616d657c733a353a224669727374223b757365725f6c6e616d657c733a343a2255736572223b757365725f656d61696c7c733a31383a226d61696e7573657240676d61696c2e636f6d223b757365725f747970657c733a343a2255736572223b637175697a5f69647c4e3b),
('gilb6cnhq1cr431no9v1k1hpcq3a4s7h', '::1', 1515594990, 0x5f5f63695f6c6173745f726567656e65726174657c693a313531353539343939303b757365725f69647c733a313a2232223b7061636b6167655f69647c733a313a2230223b757365725f666e616d657c733a353a224669727374223b757365725f6c6e616d657c733a343a2255736572223b757365725f656d61696c7c733a31383a226d61696e7573657240676d61696c2e636f6d223b757365725f747970657c733a343a2255736572223b637175697a5f69647c4e3b),
('c329fmesi3shj2ve3bs8rrr7gacf99a3', '::1', 1515595297, 0x5f5f63695f6c6173745f726567656e65726174657c693a313531353539353239373b757365725f69647c733a313a2232223b7061636b6167655f69647c733a313a2230223b757365725f666e616d657c733a353a224669727374223b757365725f6c6e616d657c733a343a2255736572223b757365725f656d61696c7c733a31383a226d61696e7573657240676d61696c2e636f6d223b757365725f747970657c733a343a2255736572223b637175697a5f69647c4e3b),
('ha610920kvvaid3tfnirg0knoi686ki7', '::1', 1515600941, 0x5f5f63695f6c6173745f726567656e65726174657c693a313531353630303934313b757365725f69647c733a313a2232223b7061636b6167655f69647c733a313a2230223b757365725f666e616d657c733a353a224669727374223b757365725f6c6e616d657c733a343a2255736572223b757365725f656d61696c7c733a31383a226d61696e7573657240676d61696c2e636f6d223b757365725f747970657c733a343a2255736572223b637175697a5f69647c4e3b),
('oad9bfts0v42ugvosllkpuir0o65c0bo', '::1', 1515599586, 0x5f5f63695f6c6173745f726567656e65726174657c693a313531353539393538363b),
('qvk3pumbopl9inqodpl9kef7ef36m3m8', '::1', 1515600182, 0x5f5f63695f6c6173745f726567656e65726174657c693a313531353630303138323b),
('nr0gp8rq0911ml2h7g2ih7oonh9asfgh', '::1', 1515600484, 0x5f5f63695f6c6173745f726567656e65726174657c693a313531353630303438343b),
('7bu1fpu3p7stdj2vg00t4j4gumlk7s1j', '::1', 1515600813, 0x5f5f63695f6c6173745f726567656e65726174657c693a313531353630303831333b),
('lqfcpum34o7v8g2vob32p5tinrdr0g29', '::1', 1515601147, 0x5f5f63695f6c6173745f726567656e65726174657c693a313531353630313134373b),
('q2lpl8oarkube258qto5cl96in71snuu', '::1', 1515601273, 0x5f5f63695f6c6173745f726567656e65726174657c693a313531353630313237333b757365725f69647c733a313a2232223b7061636b6167655f69647c733a313a2230223b757365725f666e616d657c733a353a224669727374223b757365725f6c6e616d657c733a343a2255736572223b757365725f656d61696c7c733a31383a226d61696e7573657240676d61696c2e636f6d223b757365725f747970657c733a343a2255736572223b637175697a5f69647c4e3b),
('9i56t4s34ib9hqdaepp3ii5ojcvegui1', '::1', 1515601254, 0x5f5f63695f6c6173745f726567656e65726174657c693a313531353630313134373b),
('gla3mr2ruk5lnio447rh981v99t452g9', '::1', 1515602468, 0x5f5f63695f6c6173745f726567656e65726174657c693a313531353630323436383b757365725f69647c733a313a2232223b7061636b6167655f69647c733a313a2230223b757365725f666e616d657c733a353a224669727374223b757365725f6c6e616d657c733a343a2255736572223b757365725f656d61696c7c733a31383a226d61696e7573657240676d61696c2e636f6d223b757365725f747970657c733a343a2255736572223b637175697a5f69647c4e3b),
('r2oamnkvh8jj4othmkl39p5jc7gh3csi', '::1', 1515603161, 0x5f5f63695f6c6173745f726567656e65726174657c693a313531353630333136313b757365725f69647c733a313a2232223b7061636b6167655f69647c733a313a2230223b757365725f666e616d657c733a353a224669727374223b757365725f6c6e616d657c733a343a2255736572223b757365725f656d61696c7c733a31383a226d61696e7573657240676d61696c2e636f6d223b757365725f747970657c733a343a2255736572223b),
('j7bbuhk6t50ubnog571cq1s6bf78802c', '::1', 1515603465, 0x5f5f63695f6c6173745f726567656e65726174657c693a313531353630333436353b757365725f69647c733a313a2232223b7061636b6167655f69647c733a313a2230223b757365725f666e616d657c733a353a224669727374223b757365725f6c6e616d657c733a343a2255736572223b757365725f656d61696c7c733a31383a226d61696e7573657240676d61696c2e636f6d223b757365725f747970657c733a343a2255736572223b),
('h163lmsgo2i9937gkujqhlqkfc63cj7f', '::1', 1515603717, 0x5f5f63695f6c6173745f726567656e65726174657c693a313531353630333436353b757365725f69647c733a313a2232223b7061636b6167655f69647c733a313a2230223b757365725f666e616d657c733a353a224669727374223b757365725f6c6e616d657c733a343a2255736572223b757365725f656d61696c7c733a31383a226d61696e7573657240676d61696c2e636f6d223b757365725f747970657c733a343a2255736572223b),
('ror3u23n9r5aalcjos4f0gtomfpqpmt1', '::1', 1515668780, 0x5f5f63695f6c6173745f726567656e65726174657c693a313531353636383738303b757365725f69647c733a313a2232223b7061636b6167655f69647c733a313a2230223b757365725f666e616d657c733a353a224669727374223b757365725f6c6e616d657c733a343a2255736572223b757365725f656d61696c7c733a31383a226d61696e7573657240676d61696c2e636f6d223b757365725f747970657c733a343a2255736572223b),
('l8md5159gkjt862etn5gc26ucf8ee97n', '::1', 1515669368, 0x5f5f63695f6c6173745f726567656e65726174657c693a313531353636393336383b757365725f69647c733a313a2232223b7061636b6167655f69647c733a313a2230223b757365725f666e616d657c733a353a224669727374223b757365725f6c6e616d657c733a343a2255736572223b757365725f656d61696c7c733a31383a226d61696e7573657240676d61696c2e636f6d223b757365725f747970657c733a343a2255736572223b),
('8bn0qclt0j0kfmdj4bugn4ach0faa8df', '::1', 1515670059, 0x5f5f63695f6c6173745f726567656e65726174657c693a313531353637303035393b757365725f69647c733a313a2232223b7061636b6167655f69647c733a313a2230223b757365725f666e616d657c733a353a224669727374223b757365725f6c6e616d657c733a343a2255736572223b757365725f656d61696c7c733a31383a226d61696e7573657240676d61696c2e636f6d223b757365725f747970657c733a343a2255736572223b),
('lumk0baje94ged4l9lutl549m524f6ac', '::1', 1515670532, 0x5f5f63695f6c6173745f726567656e65726174657c693a313531353637303533323b757365725f69647c733a313a2232223b7061636b6167655f69647c733a313a2230223b757365725f666e616d657c733a353a224669727374223b757365725f6c6e616d657c733a343a2255736572223b757365725f656d61696c7c733a31383a226d61696e7573657240676d61696c2e636f6d223b757365725f747970657c733a343a2255736572223b637175697a5f69647c733a323a223136223b),
('ffqb6n85eso7tklagno4679u7e730euh', '::1', 1515670970, 0x5f5f63695f6c6173745f726567656e65726174657c693a313531353637303937303b757365725f69647c733a313a2232223b7061636b6167655f69647c733a313a2230223b757365725f666e616d657c733a353a224669727374223b757365725f6c6e616d657c733a343a2255736572223b757365725f656d61696c7c733a31383a226d61696e7573657240676d61696c2e636f6d223b757365725f747970657c733a343a2255736572223b637175697a5f69647c733a323a223136223b),
('kt0e7plbl2th73mf65odf13nl6k5err4', '::1', 1515671417, 0x5f5f63695f6c6173745f726567656e65726174657c693a313531353637313431373b757365725f69647c733a313a2232223b7061636b6167655f69647c733a313a2230223b757365725f666e616d657c733a353a224669727374223b757365725f6c6e616d657c733a343a2255736572223b757365725f656d61696c7c733a31383a226d61696e7573657240676d61696c2e636f6d223b757365725f747970657c733a343a2255736572223b637175697a5f69647c733a323a223136223b),
('l3m4eb7vhl6n1u40vspc1pna8793roki', '::1', 1515671743, 0x5f5f63695f6c6173745f726567656e65726174657c693a313531353637313734333b757365725f69647c733a313a2232223b7061636b6167655f69647c733a313a2230223b757365725f666e616d657c733a353a224669727374223b757365725f6c6e616d657c733a343a2255736572223b757365725f656d61696c7c733a31383a226d61696e7573657240676d61696c2e636f6d223b757365725f747970657c733a343a2255736572223b637175697a5f69647c733a323a223136223b),
('hfh45igrugovph3bfb3g9cqpvohp36a3', '::1', 1515672109, 0x5f5f63695f6c6173745f726567656e65726174657c693a313531353637323130393b757365725f69647c733a313a2232223b7061636b6167655f69647c733a313a2230223b757365725f666e616d657c733a353a224669727374223b757365725f6c6e616d657c733a343a2255736572223b757365725f656d61696c7c733a31383a226d61696e7573657240676d61696c2e636f6d223b757365725f747970657c733a343a2255736572223b),
('2bcdtsars0r2ube2affmek2jmeh3pc2q', '::1', 1515673568, 0x5f5f63695f6c6173745f726567656e65726174657c693a313531353637333536383b757365725f69647c733a313a2232223b7061636b6167655f69647c733a313a2230223b757365725f666e616d657c733a353a224669727374223b757365725f6c6e616d657c733a343a2255736572223b757365725f656d61696c7c733a31383a226d61696e7573657240676d61696c2e636f6d223b757365725f747970657c733a343a2255736572223b),
('vla8agg78d0nonspovfif7hr9lj8sfg7', '::1', 1515673909, 0x5f5f63695f6c6173745f726567656e65726174657c693a313531353637333930393b757365725f69647c733a313a2232223b7061636b6167655f69647c733a313a2230223b757365725f666e616d657c733a353a224669727374223b757365725f6c6e616d657c733a343a2255736572223b757365725f656d61696c7c733a31383a226d61696e7573657240676d61696c2e636f6d223b757365725f747970657c733a343a2255736572223b),
('vqcuv57m11mf5hqk9lopomas08mc3nqn', '::1', 1515674417, 0x5f5f63695f6c6173745f726567656e65726174657c693a313531353637343431373b757365725f69647c733a313a2232223b7061636b6167655f69647c733a313a2230223b757365725f666e616d657c733a353a224669727374223b757365725f6c6e616d657c733a343a2255736572223b757365725f656d61696c7c733a31383a226d61696e7573657240676d61696c2e636f6d223b757365725f747970657c733a343a2255736572223b),
('kqt2mis08u90oj8kb0bgepgv1n6n8pfl', '::1', 1515675071, 0x5f5f63695f6c6173745f726567656e65726174657c693a313531353637353037313b757365725f69647c733a313a2232223b7061636b6167655f69647c733a313a2230223b757365725f666e616d657c733a353a224669727374223b757365725f6c6e616d657c733a343a2255736572223b757365725f656d61696c7c733a31383a226d61696e7573657240676d61696c2e636f6d223b757365725f747970657c733a343a2255736572223b),
('0kaf7nprriooq95mh1h05tsm7ugulak2', '::1', 1515675480, 0x5f5f63695f6c6173745f726567656e65726174657c693a313531353637353438303b757365725f69647c733a313a2232223b7061636b6167655f69647c733a313a2230223b757365725f666e616d657c733a353a224669727374223b757365725f6c6e616d657c733a343a2255736572223b757365725f656d61696c7c733a31383a226d61696e7573657240676d61696c2e636f6d223b757365725f747970657c733a343a2255736572223b),
('7o9f0hmk9pi922204dfa8it9gfrpluud', '::1', 1515675848, 0x5f5f63695f6c6173745f726567656e65726174657c693a313531353637353834383b757365725f69647c733a313a2232223b7061636b6167655f69647c733a313a2230223b757365725f666e616d657c733a353a224669727374223b757365725f6c6e616d657c733a343a2255736572223b757365725f656d61696c7c733a31383a226d61696e7573657240676d61696c2e636f6d223b757365725f747970657c733a343a2255736572223b),
('0rg8ipb3i8nc7v9n7r759rgre02c5212', '::1', 1515676181, 0x5f5f63695f6c6173745f726567656e65726174657c693a313531353637363138313b757365725f69647c733a313a2232223b7061636b6167655f69647c733a313a2230223b757365725f666e616d657c733a353a224669727374223b757365725f6c6e616d657c733a343a2255736572223b757365725f656d61696c7c733a31383a226d61696e7573657240676d61696c2e636f6d223b757365725f747970657c733a343a2255736572223b),
('oiao6cev5f0k378235h0jogb946d5mf2', '::1', 1515676576, 0x5f5f63695f6c6173745f726567656e65726174657c693a313531353637363537363b757365725f69647c733a313a2232223b7061636b6167655f69647c733a313a2230223b757365725f666e616d657c733a353a224669727374223b757365725f6c6e616d657c733a343a2255736572223b757365725f656d61696c7c733a31383a226d61696e7573657240676d61696c2e636f6d223b757365725f747970657c733a343a2255736572223b),
('odfbdefh7fcgc6a35tfsljipjh47vt7h', '::1', 1515677107, 0x5f5f63695f6c6173745f726567656e65726174657c693a313531353637373130373b757365725f69647c733a313a2232223b7061636b6167655f69647c733a313a2230223b757365725f666e616d657c733a353a224669727374223b757365725f6c6e616d657c733a343a2255736572223b757365725f656d61696c7c733a31383a226d61696e7573657240676d61696c2e636f6d223b757365725f747970657c733a343a2255736572223b),
('5tcurttvaid11ch57kniajecva4meudh', '::1', 1515677428, 0x5f5f63695f6c6173745f726567656e65726174657c693a313531353637373432383b757365725f69647c733a313a2232223b7061636b6167655f69647c733a313a2230223b757365725f666e616d657c733a353a224669727374223b757365725f6c6e616d657c733a343a2255736572223b757365725f656d61696c7c733a31383a226d61696e7573657240676d61696c2e636f6d223b757365725f747970657c733a343a2255736572223b),
('opnsgdlkqek7jrvr74mkhdksnbnrs9th', '::1', 1515677741, 0x5f5f63695f6c6173745f726567656e65726174657c693a313531353637373734313b757365725f69647c733a313a2232223b7061636b6167655f69647c733a313a2230223b757365725f666e616d657c733a353a224669727374223b757365725f6c6e616d657c733a343a2255736572223b757365725f656d61696c7c733a31383a226d61696e7573657240676d61696c2e636f6d223b757365725f747970657c733a343a2255736572223b),
('f0nm1dch17svh3bq3ltsc8v9kqecruds', '::1', 1515678178, 0x5f5f63695f6c6173745f726567656e65726174657c693a313531353637383137383b757365725f69647c733a313a2232223b7061636b6167655f69647c733a313a2230223b757365725f666e616d657c733a353a224669727374223b757365725f6c6e616d657c733a343a2255736572223b757365725f656d61696c7c733a31383a226d61696e7573657240676d61696c2e636f6d223b757365725f747970657c733a343a2255736572223b),
('5qnblp0nv1hpjr628e9tobt8k31bo4jf', '::1', 1515678714, 0x5f5f63695f6c6173745f726567656e65726174657c693a313531353637383731343b757365725f69647c733a313a2232223b7061636b6167655f69647c733a313a2230223b757365725f666e616d657c733a353a224669727374223b757365725f6c6e616d657c733a343a2255736572223b757365725f656d61696c7c733a31383a226d61696e7573657240676d61696c2e636f6d223b757365725f747970657c733a343a2255736572223b),
('9d6iqq9bfn2urv42i2q1n5cnka62cpja', '::1', 1515679015, 0x5f5f63695f6c6173745f726567656e65726174657c693a313531353637393031353b757365725f69647c733a313a2232223b7061636b6167655f69647c733a313a2230223b757365725f666e616d657c733a353a224669727374223b757365725f6c6e616d657c733a343a2255736572223b757365725f656d61696c7c733a31383a226d61696e7573657240676d61696c2e636f6d223b757365725f747970657c733a343a2255736572223b),
('5lasgue317lates0v4tf5gehi77fbo28', '::1', 1515679383, 0x5f5f63695f6c6173745f726567656e65726174657c693a313531353637393338333b757365725f69647c733a313a2232223b7061636b6167655f69647c733a313a2230223b757365725f666e616d657c733a353a224669727374223b757365725f6c6e616d657c733a343a2255736572223b757365725f656d61696c7c733a31383a226d61696e7573657240676d61696c2e636f6d223b757365725f747970657c733a343a2255736572223b),
('8d83t42gal2rf3kic8bgj7uullse1mb0', '::1', 1515680992, 0x5f5f63695f6c6173745f726567656e65726174657c693a313531353638303939323b757365725f69647c733a313a2232223b7061636b6167655f69647c733a313a2230223b757365725f666e616d657c733a353a224669727374223b757365725f6c6e616d657c733a343a2255736572223b757365725f656d61696c7c733a31383a226d61696e7573657240676d61696c2e636f6d223b757365725f747970657c733a343a2255736572223b),
('qb892qh718rnoh09q4irle1e8pr1qj1l', '::1', 1515681405, 0x5f5f63695f6c6173745f726567656e65726174657c693a313531353638313430353b757365725f69647c733a313a2232223b7061636b6167655f69647c733a313a2230223b757365725f666e616d657c733a353a224669727374223b757365725f6c6e616d657c733a343a2255736572223b757365725f656d61696c7c733a31383a226d61696e7573657240676d61696c2e636f6d223b757365725f747970657c733a343a2255736572223b),
('3mk40rdl95nf7mlbd3hsp6b4kikids38', '::1', 1515681971, 0x5f5f63695f6c6173745f726567656e65726174657c693a313531353638313937313b757365725f69647c733a313a2232223b7061636b6167655f69647c733a313a2230223b757365725f666e616d657c733a353a224669727374223b757365725f6c6e616d657c733a343a2255736572223b757365725f656d61696c7c733a31383a226d61696e7573657240676d61696c2e636f6d223b757365725f747970657c733a343a2255736572223b),
('1pj8q1tum4ie5cjmlgsfuhtjuk1n7slq', '::1', 1515682288, 0x5f5f63695f6c6173745f726567656e65726174657c693a313531353638323238383b757365725f69647c733a313a2232223b7061636b6167655f69647c733a313a2230223b757365725f666e616d657c733a353a224669727374223b757365725f6c6e616d657c733a343a2255736572223b757365725f656d61696c7c733a31383a226d61696e7573657240676d61696c2e636f6d223b757365725f747970657c733a343a2255736572223b),
('o7450p5j8f7fddfl1f9nb6n94v1v65i2', '::1', 1515683016, 0x5f5f63695f6c6173745f726567656e65726174657c693a313531353638333031363b757365725f69647c733a313a2232223b7061636b6167655f69647c733a313a2230223b757365725f666e616d657c733a353a224669727374223b757365725f6c6e616d657c733a343a2255736572223b757365725f656d61696c7c733a31383a226d61696e7573657240676d61696c2e636f6d223b757365725f747970657c733a343a2255736572223b),
('ki8dm6if39klml8qhnulvf7qrs1vno61', '::1', 1515683046, 0x5f5f63695f6c6173745f726567656e65726174657c693a313531353638333031363b757365725f69647c733a313a2232223b7061636b6167655f69647c733a313a2230223b757365725f666e616d657c733a353a224669727374223b757365725f6c6e616d657c733a343a2255736572223b757365725f656d61696c7c733a31383a226d61696e7573657240676d61696c2e636f6d223b757365725f747970657c733a343a2255736572223b),
('2cpbsei0aj3pfvt8hrbvrl5jaj6v2fag', '::1', 1515754198, 0x5f5f63695f6c6173745f726567656e65726174657c693a313531353735343139383b757365725f69647c733a313a2232223b7061636b6167655f69647c733a313a2230223b757365725f666e616d657c733a353a224669727374223b757365725f6c6e616d657c733a343a2255736572223b757365725f656d61696c7c733a31383a226d61696e7573657240676d61696c2e636f6d223b757365725f747970657c733a343a2255736572223b),
('27dbhtkdb9cemvpspkt7ut29fu4p8rjh', '::1', 1515754516, 0x5f5f63695f6c6173745f726567656e65726174657c693a313531353735343531363b757365725f69647c733a313a2232223b7061636b6167655f69647c733a313a2230223b757365725f666e616d657c733a353a224669727374223b757365725f6c6e616d657c733a343a2255736572223b757365725f656d61696c7c733a31383a226d61696e7573657240676d61696c2e636f6d223b757365725f747970657c733a343a2255736572223b),
('e22dtbirskoqh61kufdfp6gujo3jdlsh', '::1', 1515754862, 0x5f5f63695f6c6173745f726567656e65726174657c693a313531353735343836323b757365725f69647c733a313a2232223b7061636b6167655f69647c733a313a2230223b757365725f666e616d657c733a353a224669727374223b757365725f6c6e616d657c733a343a2255736572223b757365725f656d61696c7c733a31383a226d61696e7573657240676d61696c2e636f6d223b757365725f747970657c733a343a2255736572223b),
('jo86i9f9f49mush8t6s8dj7se3414p4l', '::1', 1515755300, 0x5f5f63695f6c6173745f726567656e65726174657c693a313531353735353330303b757365725f69647c733a313a2232223b7061636b6167655f69647c733a313a2230223b757365725f666e616d657c733a353a224669727374223b757365725f6c6e616d657c733a343a2255736572223b757365725f656d61696c7c733a31383a226d61696e7573657240676d61696c2e636f6d223b757365725f747970657c733a343a2255736572223b),
('hc0ran2qc49tjgjm0rimkou14dt8ufvi', '::1', 1515754945, 0x5f5f63695f6c6173745f726567656e65726174657c693a313531353735343934353b),
('1sk4ajb4nps3ng1ivter6puvhn76brag', '::1', 1515754957, 0x5f5f63695f6c6173745f726567656e65726174657c693a313531353735343935373b),
('figaha3ujh7g7f5hb3bto7ro9dagta81', '::1', 1515755035, 0x5f5f63695f6c6173745f726567656e65726174657c693a313531353735353033353b),
('7egllnuauhl49n61t9j92nd976np3u8l', '::1', 1515755105, 0x5f5f63695f6c6173745f726567656e65726174657c693a313531353735353130353b),
('j8k3a2cimoac8sfi2ukqrfugo0p06ffr', '::1', 1515755732, 0x5f5f63695f6c6173745f726567656e65726174657c693a313531353735353733323b757365725f69647c733a313a2232223b7061636b6167655f69647c733a313a2230223b757365725f666e616d657c733a353a224669727374223b757365725f6c6e616d657c733a343a2255736572223b757365725f656d61696c7c733a31383a226d61696e7573657240676d61696c2e636f6d223b757365725f747970657c733a343a2255736572223b),
('dipq2e5t21671cvtenqqt8p22c86ql8n', '::1', 1515756237, 0x5f5f63695f6c6173745f726567656e65726174657c693a313531353735363233373b757365725f69647c733a313a2232223b7061636b6167655f69647c733a313a2230223b757365725f666e616d657c733a353a224669727374223b757365725f6c6e616d657c733a343a2255736572223b757365725f656d61696c7c733a31383a226d61696e7573657240676d61696c2e636f6d223b757365725f747970657c733a343a2255736572223b),
('sjnl57l58mh98v57kqogahcfooiaomo9', '::1', 1515756238, 0x5f5f63695f6c6173745f726567656e65726174657c693a313531353735363233383b),
('19p7jsntir9fdicaubm46ku295i7bq5n', '::1', 1515756540, 0x5f5f63695f6c6173745f726567656e65726174657c693a313531353735363534303b757365725f69647c733a313a2232223b7061636b6167655f69647c733a313a2230223b757365725f666e616d657c733a353a224669727374223b757365725f6c6e616d657c733a343a2255736572223b757365725f656d61696c7c733a31383a226d61696e7573657240676d61696c2e636f6d223b757365725f747970657c733a343a2255736572223b),
('q7bhatfffsdlcpgvitkd8i7d85tdbeor', '::1', 1515756404, 0x5f5f63695f6c6173745f726567656e65726174657c693a313531353735363430343b),
('a0kj24mp8timkl22nlre6114efu3c89m', '::1', 1515756421, 0x5f5f63695f6c6173745f726567656e65726174657c693a313531353735363432313b),
('32via098q5g30a0hm7e3ghn8ll6q6443', '::1', 1515756491, 0x5f5f63695f6c6173745f726567656e65726174657c693a313531353735363439313b),
('fdrrmk50p1q16fd562ajsg8r06nh3jj1', '::1', 1515756517, 0x5f5f63695f6c6173745f726567656e65726174657c693a313531353735363531373b),
('erfslrriuq1g5l9a6855u8v9i81s3qq1', '::1', 1515756541, 0x5f5f63695f6c6173745f726567656e65726174657c693a313531353735363534313b),
('oo690p08k2t1e51u2vp65cvr9cago0g4', '::1', 1515756985, 0x5f5f63695f6c6173745f726567656e65726174657c693a313531353735363938353b757365725f69647c733a313a2232223b7061636b6167655f69647c733a313a2230223b757365725f666e616d657c733a353a224669727374223b757365725f6c6e616d657c733a343a2255736572223b757365725f656d61696c7c733a31383a226d61696e7573657240676d61696c2e636f6d223b757365725f747970657c733a343a2255736572223b),
('mre2ehcosh8hcqereds0bpu2p991fc54', '::1', 1515756594, 0x5f5f63695f6c6173745f726567656e65726174657c693a313531353735363539343b),
('ugnr7h90g8e5cp5a5675lb7bcmnlj4vg', '::1', 1515756608, 0x5f5f63695f6c6173745f726567656e65726174657c693a313531353735363630383b),
('r8jp7jc8di9hpj2c66n58s05i3ofps23', '::1', 1515756622, 0x5f5f63695f6c6173745f726567656e65726174657c693a313531353735363632323b),
('pd385s4ci9a6e7v7dggovi0ihbnamrs7', '::1', 1515756680, 0x5f5f63695f6c6173745f726567656e65726174657c693a313531353735363638303b),
('amj0lne629v0mdujrknh4bvqqoesovog', '::1', 1515756709, 0x5f5f63695f6c6173745f726567656e65726174657c693a313531353735363730393b),
('smelq9c34op078l0tle5s490brtgnae5', '::1', 1515757455, 0x5f5f63695f6c6173745f726567656e65726174657c693a313531353735373435353b757365725f69647c733a313a2232223b7061636b6167655f69647c733a313a2230223b757365725f666e616d657c733a353a224669727374223b757365725f6c6e616d657c733a343a2255736572223b757365725f656d61696c7c733a31383a226d61696e7573657240676d61696c2e636f6d223b757365725f747970657c733a343a2255736572223b),
('2t07ddosul2f1goel1ckcebhnv1llfva', '::1', 1515756995, 0x5f5f63695f6c6173745f726567656e65726174657c693a313531353735363939353b),
('8b8hrvige7mu6d51algt8dugmameo2uu', '::1', 1515757014, 0x5f5f63695f6c6173745f726567656e65726174657c693a313531353735373031343b),
('1m3tqlqd69imn3akgneulqj4u341i6iu', '::1', 1515757455, 0x5f5f63695f6c6173745f726567656e65726174657c693a313531353735373435353b),
('dj9lio7dq2rdi60vgg1hf3bbf5vco4at', '::1', 1515757456, 0x5f5f63695f6c6173745f726567656e65726174657c693a313531353735373435363b),
('u5p9mk5i9b59fmf4mgr3bgiadol7g1rr', '::1', 1515757918, 0x5f5f63695f6c6173745f726567656e65726174657c693a313531353735373931383b757365725f69647c733a313a2232223b7061636b6167655f69647c733a313a2230223b757365725f666e616d657c733a353a224669727374223b757365725f6c6e616d657c733a343a2255736572223b757365725f656d61696c7c733a31383a226d61696e7573657240676d61696c2e636f6d223b757365725f747970657c733a343a2255736572223b),
('0ddmk17lqojgad4mt7kahs3n9lgib2dp', '::1', 1515757918, 0x5f5f63695f6c6173745f726567656e65726174657c693a313531353735373931383b),
('cs3ngdrd7jvmfm79igg4uhinqb7piv2a', '::1', 1515758995, 0x5f5f63695f6c6173745f726567656e65726174657c693a313531353735383939353b757365725f69647c733a313a2232223b7061636b6167655f69647c733a313a2230223b757365725f666e616d657c733a353a224669727374223b757365725f6c6e616d657c733a343a2255736572223b757365725f656d61696c7c733a31383a226d61696e7573657240676d61696c2e636f6d223b757365725f747970657c733a343a2255736572223b),
('211rng516iqoh2u86ci96lcbcbm2mka7', '::1', 1515759309, 0x5f5f63695f6c6173745f726567656e65726174657c693a313531353735393330393b757365725f69647c733a313a2232223b7061636b6167655f69647c733a313a2230223b757365725f666e616d657c733a353a224669727374223b757365725f6c6e616d657c733a343a2255736572223b757365725f656d61696c7c733a31383a226d61696e7573657240676d61696c2e636f6d223b757365725f747970657c733a343a2255736572223b),
('tre2c6au7e6bjibcr04kf4jd6nd8re4k', '::1', 1515759647, 0x5f5f63695f6c6173745f726567656e65726174657c693a313531353735393634373b757365725f69647c733a313a2232223b7061636b6167655f69647c733a313a2230223b757365725f666e616d657c733a353a224669727374223b757365725f6c6e616d657c733a343a2255736572223b757365725f656d61696c7c733a31383a226d61696e7573657240676d61696c2e636f6d223b757365725f747970657c733a343a2255736572223b),
('usnoaqlm0esj83gh6ofduaejo9588tc2', '::1', 1515759459, 0x5f5f63695f6c6173745f726567656e65726174657c693a313531353735393435393b),
('brqmm5t4f9048tahjpqf0r8q5itlnrkk', '::1', 1515759483, 0x5f5f63695f6c6173745f726567656e65726174657c693a313531353735393438333b),
('pn4jsdb1qbs5365o82b5onnvbnet4te1', '::1', 1515759647, 0x5f5f63695f6c6173745f726567656e65726174657c693a313531353735393634373b),
('66rme00gqk8ls7omg3antkfdm5u7mc8r', '::1', 1515760073, 0x5f5f63695f6c6173745f726567656e65726174657c693a313531353736303037333b757365725f69647c733a313a2232223b7061636b6167655f69647c733a313a2230223b757365725f666e616d657c733a353a224669727374223b757365725f6c6e616d657c733a343a2255736572223b757365725f656d61696c7c733a31383a226d61696e7573657240676d61696c2e636f6d223b757365725f747970657c733a343a2255736572223b),
('8b53q6ouvh1jd2esgvsrjb4l0qruoper', '::1', 1515759666, 0x5f5f63695f6c6173745f726567656e65726174657c693a313531353735393636363b),
('mr2bd48au1urt7plrh0g6a5o9d1idj16', '::1', 1515759878, 0x5f5f63695f6c6173745f726567656e65726174657c693a313531353735393837383b),
('j5p6db6mab87qvih22tsnofehuhk1ues', '::1', 1515760074, 0x5f5f63695f6c6173745f726567656e65726174657c693a313531353736303037343b),
('qf6vcboqnpi1akmdt0h0sl083auffls8', '::1', 1515760515, 0x5f5f63695f6c6173745f726567656e65726174657c693a313531353736303531353b757365725f69647c733a313a2232223b7061636b6167655f69647c733a313a2230223b757365725f666e616d657c733a353a224669727374223b757365725f6c6e616d657c733a343a2255736572223b757365725f656d61696c7c733a31383a226d61696e7573657240676d61696c2e636f6d223b757365725f747970657c733a343a2255736572223b),
('smqnv8levojou71e0rd9e7j1cle67afd', '::1', 1515760104, 0x5f5f63695f6c6173745f726567656e65726174657c693a313531353736303130343b),
('1liqobt63dp5o33okoiq1r71avu3u51a', '::1', 1515760119, 0x5f5f63695f6c6173745f726567656e65726174657c693a313531353736303131393b),
('37ktart2fut4mj19v7r1ru8dbnudq7q5', '::1', 1515760137, 0x5f5f63695f6c6173745f726567656e65726174657c693a313531353736303133373b),
('efr7dunmunhrc29sk7m6tc9qognpmtbr', '::1', 1515760151, 0x5f5f63695f6c6173745f726567656e65726174657c693a313531353736303135313b),
('llfqh6d6ne5blsgj3d81j570agco249t', '::1', 1515760321, 0x5f5f63695f6c6173745f726567656e65726174657c693a313531353736303332313b),
('6c91mhf0fphh8ua3vs16vkq6jkedhjjq', '::1', 1515760350, 0x5f5f63695f6c6173745f726567656e65726174657c693a313531353736303335303b),
('gcs9vlqu0s73duomnfmevf369vbif6b3', '::1', 1515760360, 0x5f5f63695f6c6173745f726567656e65726174657c693a313531353736303336303b),
('fpribssl18omvftn096vkr37h108qd6n', '::1', 1515760847, 0x5f5f63695f6c6173745f726567656e65726174657c693a313531353736303834373b757365725f69647c733a313a2232223b7061636b6167655f69647c733a313a2230223b757365725f666e616d657c733a353a224669727374223b757365725f6c6e616d657c733a343a2255736572223b757365725f656d61696c7c733a31383a226d61696e7573657240676d61696c2e636f6d223b757365725f747970657c733a343a2255736572223b),
('af85l91c1kc85vae0cg3ahfiljrnvhsq', '::1', 1515760527, 0x5f5f63695f6c6173745f726567656e65726174657c693a313531353736303532363b),
('1lk66a7q5pvjv7lpdo5e6v1t0gulv7l4', '::1', 1515760546, 0x5f5f63695f6c6173745f726567656e65726174657c693a313531353736303534363b),
('keifeeg8p5p6n54qvcpv1h9et3d9852q', '::1', 1515760606, 0x5f5f63695f6c6173745f726567656e65726174657c693a313531353736303630363b),
('a9s93o7mpshckedlgl5j4j7edijhrhad', '::1', 1515760701, 0x5f5f63695f6c6173745f726567656e65726174657c693a313531353736303730313b);
INSERT INTO `ci_sessions` (`id`, `ip_address`, `timestamp`, `data`) VALUES
('4pa2m16nmbgul451su0djv37h7a45sf8', '::1', 1515760848, 0x5f5f63695f6c6173745f726567656e65726174657c693a313531353736303834383b),
('iqbavqh3svlmg4nfgl2tdbsi36fp8u2m', '::1', 1515761162, 0x5f5f63695f6c6173745f726567656e65726174657c693a313531353736313136323b757365725f69647c733a313a2232223b7061636b6167655f69647c733a313a2230223b757365725f666e616d657c733a353a224669727374223b757365725f6c6e616d657c733a343a2255736572223b757365725f656d61696c7c733a31383a226d61696e7573657240676d61696c2e636f6d223b757365725f747970657c733a343a2255736572223b),
('p4bb6je3osqv2h0qa4g9v4g2iqt2rrq3', '::1', 1515760877, 0x5f5f63695f6c6173745f726567656e65726174657c693a313531353736303837373b),
('494a7tg8lcpncbav754uevqp9ivikrsu', '::1', 1515760918, 0x5f5f63695f6c6173745f726567656e65726174657c693a313531353736303931383b),
('6158e6vbhm78epovilmhkjvolpkjmovd', '::1', 1515761005, 0x5f5f63695f6c6173745f726567656e65726174657c693a313531353736313030353b),
('s4emkpc71037uee6obn1cgeegij2q2p2', '::1', 1515761048, 0x5f5f63695f6c6173745f726567656e65726174657c693a313531353736313034383b),
('1udqg81c5v5elo2bek2isv1raak8gtpo', '::1', 1515761064, 0x5f5f63695f6c6173745f726567656e65726174657c693a313531353736313036343b),
('boi962rkosupf50s2fu8a9n85gq4ihep', '::1', 1515761101, 0x5f5f63695f6c6173745f726567656e65726174657c693a313531353736313130313b),
('fuda7o9qb3ujuq0hrvtqprvp40562chu', '::1', 1515761530, 0x5f5f63695f6c6173745f726567656e65726174657c693a313531353736313533303b757365725f69647c733a313a2232223b7061636b6167655f69647c733a313a2230223b757365725f666e616d657c733a353a224669727374223b757365725f6c6e616d657c733a343a2255736572223b757365725f656d61696c7c733a31383a226d61696e7573657240676d61696c2e636f6d223b757365725f747970657c733a343a2255736572223b),
('9p4ujiu67uukr09mesbimqinovcb42bi', '::1', 1515761234, 0x5f5f63695f6c6173745f726567656e65726174657c693a313531353736313233343b),
('pqlro57tig0mj3qr388q6lj9fd2qnmvp', '::1', 1515761244, 0x5f5f63695f6c6173745f726567656e65726174657c693a313531353736313234343b),
('i9dfep6tb72qgu1qn5v0e3t3182uhs1t', '::1', 1515762295, 0x5f5f63695f6c6173745f726567656e65726174657c693a313531353736323239353b757365725f69647c733a313a2232223b7061636b6167655f69647c733a313a2230223b757365725f666e616d657c733a353a224669727374223b757365725f6c6e616d657c733a343a2255736572223b757365725f656d61696c7c733a31383a226d61696e7573657240676d61696c2e636f6d223b757365725f747970657c733a343a2255736572223b),
('kt8nrs2c1m7gl3c9nnr19jic8c5n2e21', '::1', 1515762604, 0x5f5f63695f6c6173745f726567656e65726174657c693a313531353736323630343b757365725f69647c733a313a2232223b7061636b6167655f69647c733a313a2230223b757365725f666e616d657c733a353a224669727374223b757365725f6c6e616d657c733a343a2255736572223b757365725f656d61696c7c733a31383a226d61696e7573657240676d61696c2e636f6d223b757365725f747970657c733a343a2255736572223b),
('uef8a0m5l0thvf8jbra5c77q1nne2s4u', '::1', 1515762926, 0x5f5f63695f6c6173745f726567656e65726174657c693a313531353736323932363b757365725f69647c733a313a2232223b7061636b6167655f69647c733a313a2230223b757365725f666e616d657c733a353a224669727374223b757365725f6c6e616d657c733a343a2255736572223b757365725f656d61696c7c733a31383a226d61696e7573657240676d61696c2e636f6d223b757365725f747970657c733a343a2255736572223b),
('o4bm551aihc5mu50shbhbc76sg4gkbav', '::1', 1515763263, 0x5f5f63695f6c6173745f726567656e65726174657c693a313531353736333236333b757365725f69647c733a313a2232223b7061636b6167655f69647c733a313a2230223b757365725f666e616d657c733a353a224669727374223b757365725f6c6e616d657c733a343a2255736572223b757365725f656d61696c7c733a31383a226d61696e7573657240676d61696c2e636f6d223b757365725f747970657c733a343a2255736572223b),
('cja7hq4ksqhm5u8fl98i3vk745ohiu3n', '::1', 1515763987, 0x5f5f63695f6c6173745f726567656e65726174657c693a313531353736333938373b757365725f69647c733a313a2232223b7061636b6167655f69647c733a313a2230223b757365725f666e616d657c733a353a224669727374223b757365725f6c6e616d657c733a343a2255736572223b757365725f656d61696c7c733a31383a226d61696e7573657240676d61696c2e636f6d223b757365725f747970657c733a343a2255736572223b),
('gmr9tfsetl6ci59f7d4iie4ee1t6qk0i', '::1', 1515763786, 0x5f5f63695f6c6173745f726567656e65726174657c693a313531353736333738363b),
('g2dh93q40fe47n4qj9bob8te9n3vjj4d', '::1', 1515764328, 0x5f5f63695f6c6173745f726567656e65726174657c693a313531353736343332383b757365725f69647c733a313a2232223b7061636b6167655f69647c733a313a2230223b757365725f666e616d657c733a353a224669727374223b757365725f6c6e616d657c733a343a2255736572223b757365725f656d61696c7c733a31383a226d61696e7573657240676d61696c2e636f6d223b757365725f747970657c733a343a2255736572223b),
('k2gn0np01spj6ep85f5porkhkk7hga24', '::1', 1515764282, 0x5f5f63695f6c6173745f726567656e65726174657c693a313531353736343238323b),
('ul7ib2v52481thv3hqls4kuea5dvt9j0', '::1', 1515764330, 0x5f5f63695f6c6173745f726567656e65726174657c693a313531353736343332393b),
('t2nkfqjd2fb9puiuc7q5ddjvnsjf0npf', '::1', 1515764652, 0x5f5f63695f6c6173745f726567656e65726174657c693a313531353736343635323b757365725f69647c733a313a2232223b7061636b6167655f69647c733a313a2230223b757365725f666e616d657c733a353a224669727374223b757365725f6c6e616d657c733a343a2255736572223b757365725f656d61696c7c733a31383a226d61696e7573657240676d61696c2e636f6d223b757365725f747970657c733a343a2255736572223b),
('pd0fpf5ro1su12rak6l33bp4v2a57h44', '::1', 1515764394, 0x5f5f63695f6c6173745f726567656e65726174657c693a313531353736343339343b),
('i2335eu3oj3t8ch1be9dbinnetsqqjim', '::1', 1515764416, 0x5f5f63695f6c6173745f726567656e65726174657c693a313531353736343431353b),
('ocljg2g627tqorc2n3dlsdjgr2risumu', '::1', 1515765329, 0x5f5f63695f6c6173745f726567656e65726174657c693a313531353736353332393b757365725f69647c733a313a2232223b7061636b6167655f69647c733a313a2230223b757365725f666e616d657c733a353a224669727374223b757365725f6c6e616d657c733a343a2255736572223b757365725f656d61696c7c733a31383a226d61696e7573657240676d61696c2e636f6d223b757365725f747970657c733a343a2255736572223b),
('akh0okdndeg9oqj8pl248kptgufg4dgg', '::1', 1515764755, 0x5f5f63695f6c6173745f726567656e65726174657c693a313531353736343735353b),
('d8u29st9ku4hknvuo0kqcrg5nmj2dmkf', '::1', 1515765329, 0x5f5f63695f6c6173745f726567656e65726174657c693a313531353736353332393b),
('bjsrlidtv6l578c6h87uh9hm06h95mou', '::1', 1515765485, 0x5f5f63695f6c6173745f726567656e65726174657c693a313531353736353332393b757365725f69647c733a313a2232223b7061636b6167655f69647c733a313a2230223b757365725f666e616d657c733a353a224669727374223b757365725f6c6e616d657c733a343a2255736572223b757365725f656d61696c7c733a31383a226d61696e7573657240676d61696c2e636f6d223b757365725f747970657c733a343a2255736572223b),
('u6u24846t7mr9h57hjfjbqmjh4hjkcdj', '::1', 1515837878, 0x5f5f63695f6c6173745f726567656e65726174657c693a313531353833373834373b757365725f69647c733a313a2232223b7061636b6167655f69647c733a313a2230223b757365725f666e616d657c733a353a224669727374223b757365725f6c6e616d657c733a343a2255736572223b757365725f656d61696c7c733a31383a226d61696e7573657240676d61696c2e636f6d223b757365725f747970657c733a343a2255736572223b637175697a5f69647c4e3b),
('6clqpen7r1128ag4jmmakbpaqe6pho2o', '::1', 1515838388, 0x5f5f63695f6c6173745f726567656e65726174657c693a313531353833383338383b757365725f69647c733a313a2232223b7061636b6167655f69647c733a313a2230223b757365725f666e616d657c733a353a224669727374223b757365725f6c6e616d657c733a343a2255736572223b757365725f656d61696c7c733a31383a226d61696e7573657240676d61696c2e636f6d223b757365725f747970657c733a343a2255736572223b637175697a5f69647c4e3b),
('qvebbjn5jnkl3gaspc18a5ffn20btrg4', '::1', 1515838712, 0x5f5f63695f6c6173745f726567656e65726174657c693a313531353833383731323b757365725f69647c733a313a2232223b7061636b6167655f69647c733a313a2230223b757365725f666e616d657c733a353a224669727374223b757365725f6c6e616d657c733a343a2255736572223b757365725f656d61696c7c733a31383a226d61696e7573657240676d61696c2e636f6d223b757365725f747970657c733a343a2255736572223b),
('lfs6rae0fnharg9jp26bj1bsitagd6pq', '::1', 1515839109, 0x5f5f63695f6c6173745f726567656e65726174657c693a313531353833393130393b757365725f69647c733a313a2232223b7061636b6167655f69647c733a313a2230223b757365725f666e616d657c733a353a224669727374223b757365725f6c6e616d657c733a343a2255736572223b757365725f656d61696c7c733a31383a226d61696e7573657240676d61696c2e636f6d223b757365725f747970657c733a343a2255736572223b),
('o29pdb3glen4o0butcenm08iemgsutd2', '::1', 1515839496, 0x5f5f63695f6c6173745f726567656e65726174657c693a313531353833393439363b757365725f69647c733a313a2232223b7061636b6167655f69647c733a313a2230223b757365725f666e616d657c733a353a224669727374223b757365725f6c6e616d657c733a343a2255736572223b757365725f656d61696c7c733a31383a226d61696e7573657240676d61696c2e636f6d223b757365725f747970657c733a343a2255736572223b),
('ir7h9j8gseu87hrnenn24oqqdqgg0irl', '::1', 1515839815, 0x5f5f63695f6c6173745f726567656e65726174657c693a313531353833393831353b757365725f69647c733a313a2232223b7061636b6167655f69647c733a313a2230223b757365725f666e616d657c733a353a224669727374223b757365725f6c6e616d657c733a343a2255736572223b757365725f656d61696c7c733a31383a226d61696e7573657240676d61696c2e636f6d223b757365725f747970657c733a343a2255736572223b),
('mtfejm5d2t0b89riojn8hjb5arpa23ck', '::1', 1515840121, 0x5f5f63695f6c6173745f726567656e65726174657c693a313531353834303132313b757365725f69647c733a313a2232223b7061636b6167655f69647c733a313a2230223b757365725f666e616d657c733a353a224669727374223b757365725f6c6e616d657c733a343a2255736572223b757365725f656d61696c7c733a31383a226d61696e7573657240676d61696c2e636f6d223b757365725f747970657c733a343a2255736572223b),
('i1ikou2gkpgq5gvmnvf7j89tq8km9rjp', '::1', 1515840441, 0x5f5f63695f6c6173745f726567656e65726174657c693a313531353834303434313b757365725f69647c733a313a2232223b7061636b6167655f69647c733a313a2230223b757365725f666e616d657c733a353a224669727374223b757365725f6c6e616d657c733a343a2255736572223b757365725f656d61696c7c733a31383a226d61696e7573657240676d61696c2e636f6d223b757365725f747970657c733a343a2255736572223b),
('dnn6ufgtuf9fbflhd1d255j33ajdfjdp', '::1', 1515840773, 0x5f5f63695f6c6173745f726567656e65726174657c693a313531353834303737333b757365725f69647c733a313a2232223b7061636b6167655f69647c733a313a2230223b757365725f666e616d657c733a353a224669727374223b757365725f6c6e616d657c733a343a2255736572223b757365725f656d61696c7c733a31383a226d61696e7573657240676d61696c2e636f6d223b757365725f747970657c733a343a2255736572223b),
('gqmes6126o972925sg88vrreh9gmfnm0', '::1', 1515841085, 0x5f5f63695f6c6173745f726567656e65726174657c693a313531353834313038353b757365725f69647c733a313a2232223b7061636b6167655f69647c733a313a2230223b757365725f666e616d657c733a353a224669727374223b757365725f6c6e616d657c733a343a2255736572223b757365725f656d61696c7c733a31383a226d61696e7573657240676d61696c2e636f6d223b757365725f747970657c733a343a2255736572223b),
('k2093kpsabu52sid9f9rl46iun4nevvg', '::1', 1515841470, 0x5f5f63695f6c6173745f726567656e65726174657c693a313531353834313437303b757365725f69647c733a313a2232223b7061636b6167655f69647c733a313a2230223b757365725f666e616d657c733a353a224669727374223b757365725f6c6e616d657c733a343a2255736572223b757365725f656d61696c7c733a31383a226d61696e7573657240676d61696c2e636f6d223b757365725f747970657c733a343a2255736572223b),
('79ttaj9e167juu2hdu1jvlmric5g80up', '::1', 1515841799, 0x5f5f63695f6c6173745f726567656e65726174657c693a313531353834313739393b757365725f69647c733a313a2232223b7061636b6167655f69647c733a313a2230223b757365725f666e616d657c733a353a224669727374223b757365725f6c6e616d657c733a343a2255736572223b757365725f656d61696c7c733a31383a226d61696e7573657240676d61696c2e636f6d223b757365725f747970657c733a343a2255736572223b),
('u8pocvo4lkm4jj0gk5tkjphvmg47pac1', '::1', 1515842103, 0x5f5f63695f6c6173745f726567656e65726174657c693a313531353834323130333b757365725f69647c733a313a2232223b7061636b6167655f69647c733a313a2230223b757365725f666e616d657c733a353a224669727374223b757365725f6c6e616d657c733a343a2255736572223b757365725f656d61696c7c733a31383a226d61696e7573657240676d61696c2e636f6d223b757365725f747970657c733a343a2255736572223b),
('v51fn2u70b1rdjrqukg9d913uads9r1p', '::1', 1515842552, 0x5f5f63695f6c6173745f726567656e65726174657c693a313531353834323535323b757365725f69647c733a313a2232223b7061636b6167655f69647c733a313a2230223b757365725f666e616d657c733a353a224669727374223b757365725f6c6e616d657c733a343a2255736572223b757365725f656d61696c7c733a31383a226d61696e7573657240676d61696c2e636f6d223b757365725f747970657c733a343a2255736572223b),
('avlqlth9baanpnqd9u1icq3k4d880bdb', '::1', 1515843386, 0x5f5f63695f6c6173745f726567656e65726174657c693a313531353834333338363b757365725f69647c733a313a2232223b7061636b6167655f69647c733a313a2230223b757365725f666e616d657c733a353a224669727374223b757365725f6c6e616d657c733a343a2255736572223b757365725f656d61696c7c733a31383a226d61696e7573657240676d61696c2e636f6d223b757365725f747970657c733a343a2255736572223b),
('f23123djlh7m0ic23tn6935e1sljpkk2', '::1', 1515843035, 0x5f5f63695f6c6173745f726567656e65726174657c693a313531353834333033343b757365725f69647c733a313a2232223b7061636b6167655f69647c733a313a2230223b757365725f666e616d657c733a353a224669727374223b757365725f6c6e616d657c733a343a2255736572223b757365725f656d61696c7c733a31383a226d61696e7573657240676d61696c2e636f6d223b757365725f747970657c733a343a2255736572223b),
('k0e9a2hcs8n3o70sukuj10ts7425de8e', '::1', 1515843772, 0x5f5f63695f6c6173745f726567656e65726174657c693a313531353834333737323b757365725f69647c733a313a2232223b7061636b6167655f69647c733a313a2230223b757365725f666e616d657c733a353a224669727374223b757365725f6c6e616d657c733a343a2255736572223b757365725f656d61696c7c733a31383a226d61696e7573657240676d61696c2e636f6d223b757365725f747970657c733a343a2255736572223b),
('lcmof7rn48u8fatmvt8nrpuhin63ffi8', '::1', 1515844090, 0x5f5f63695f6c6173745f726567656e65726174657c693a313531353834343039303b757365725f69647c733a313a2232223b7061636b6167655f69647c733a313a2230223b757365725f666e616d657c733a353a224669727374223b757365725f6c6e616d657c733a343a2255736572223b757365725f656d61696c7c733a31383a226d61696e7573657240676d61696c2e636f6d223b757365725f747970657c733a343a2255736572223b),
('888dkas59b1pf15a5qmoojle78s10lqd', '::1', 1515844401, 0x5f5f63695f6c6173745f726567656e65726174657c693a313531353834343430313b757365725f69647c733a313a2232223b7061636b6167655f69647c733a313a2230223b757365725f666e616d657c733a353a224669727374223b757365725f6c6e616d657c733a343a2255736572223b757365725f656d61696c7c733a31383a226d61696e7573657240676d61696c2e636f6d223b757365725f747970657c733a343a2255736572223b),
('dmvb2ftvk7gsmqrlj66lucbbe9g39lk6', '::1', 1515844829, 0x5f5f63695f6c6173745f726567656e65726174657c693a313531353834343832393b757365725f69647c733a313a2232223b7061636b6167655f69647c733a313a2230223b757365725f666e616d657c733a353a224669727374223b757365725f6c6e616d657c733a343a2255736572223b757365725f656d61696c7c733a31383a226d61696e7573657240676d61696c2e636f6d223b757365725f747970657c733a343a2255736572223b),
('48ev97cmqn61df1q9c586aftq5qjibra', '::1', 1515845156, 0x5f5f63695f6c6173745f726567656e65726174657c693a313531353834353135363b757365725f69647c733a313a2232223b7061636b6167655f69647c733a313a2230223b757365725f666e616d657c733a353a224669727374223b757365725f6c6e616d657c733a343a2255736572223b757365725f656d61696c7c733a31383a226d61696e7573657240676d61696c2e636f6d223b757365725f747970657c733a343a2255736572223b),
('gatbbjn6us09pqocs1rrupan62ke94i4', '::1', 1515845473, 0x5f5f63695f6c6173745f726567656e65726174657c693a313531353834353437333b757365725f69647c733a313a2232223b7061636b6167655f69647c733a313a2230223b757365725f666e616d657c733a353a224669727374223b757365725f6c6e616d657c733a343a2255736572223b757365725f656d61696c7c733a31383a226d61696e7573657240676d61696c2e636f6d223b757365725f747970657c733a343a2255736572223b),
('i87nng6psjb8afjs17vjb7tnr5dtnrpv', '::1', 1515846088, 0x5f5f63695f6c6173745f726567656e65726174657c693a313531353834363038383b757365725f69647c733a313a2232223b7061636b6167655f69647c733a313a2230223b757365725f666e616d657c733a353a224669727374223b757365725f6c6e616d657c733a343a2255736572223b757365725f656d61696c7c733a31383a226d61696e7573657240676d61696c2e636f6d223b757365725f747970657c733a343a2255736572223b637175697a5f69647c4e3b),
('79395lqt7577doqnhg7t3nka23k7spah', '::1', 1515846399, 0x5f5f63695f6c6173745f726567656e65726174657c693a313531353834363339393b757365725f69647c733a313a2232223b7061636b6167655f69647c733a313a2230223b757365725f666e616d657c733a353a224669727374223b757365725f6c6e616d657c733a343a2255736572223b757365725f656d61696c7c733a31383a226d61696e7573657240676d61696c2e636f6d223b757365725f747970657c733a343a2255736572223b637175697a5f69647c4e3b),
('v3m6d1dib7t5oomj4a0mkm0uhcotrlgv', '::1', 1515846700, 0x5f5f63695f6c6173745f726567656e65726174657c693a313531353834363730303b757365725f69647c733a313a2232223b7061636b6167655f69647c733a313a2230223b757365725f666e616d657c733a353a224669727374223b757365725f6c6e616d657c733a343a2255736572223b757365725f656d61696c7c733a31383a226d61696e7573657240676d61696c2e636f6d223b757365725f747970657c733a343a2255736572223b637175697a5f69647c4e3b),
('8jlobl91m3ch994quvu41f1nbn11iv4e', '::1', 1515847022, 0x5f5f63695f6c6173745f726567656e65726174657c693a313531353834373032323b757365725f69647c733a313a2232223b7061636b6167655f69647c733a313a2230223b757365725f666e616d657c733a353a224669727374223b757365725f6c6e616d657c733a343a2255736572223b757365725f656d61696c7c733a31383a226d61696e7573657240676d61696c2e636f6d223b757365725f747970657c733a343a2255736572223b637175697a5f69647c4e3b),
('c1utv1m7r0h1a95h7ldm2ct3k8497vu1', '::1', 1515847346, 0x5f5f63695f6c6173745f726567656e65726174657c693a313531353834373334363b757365725f69647c733a313a2232223b7061636b6167655f69647c733a313a2230223b757365725f666e616d657c733a353a224669727374223b757365725f6c6e616d657c733a343a2255736572223b757365725f656d61696c7c733a31383a226d61696e7573657240676d61696c2e636f6d223b757365725f747970657c733a343a2255736572223b637175697a5f69647c4e3b),
('m97oks1f588smraq23fj3np859vjaice', '::1', 1515847659, 0x5f5f63695f6c6173745f726567656e65726174657c693a313531353834373635393b757365725f69647c733a313a2232223b7061636b6167655f69647c733a313a2230223b757365725f666e616d657c733a353a224669727374223b757365725f6c6e616d657c733a343a2255736572223b757365725f656d61696c7c733a31383a226d61696e7573657240676d61696c2e636f6d223b757365725f747970657c733a343a2255736572223b637175697a5f69647c4e3b),
('fhvtg5gu73h6ko9a1ou5c1opov12993n', '::1', 1515848117, 0x5f5f63695f6c6173745f726567656e65726174657c693a313531353834383131373b757365725f69647c733a313a2232223b7061636b6167655f69647c733a313a2230223b757365725f666e616d657c733a353a224669727374223b757365725f6c6e616d657c733a343a2255736572223b757365725f656d61696c7c733a31383a226d61696e7573657240676d61696c2e636f6d223b757365725f747970657c733a343a2255736572223b637175697a5f69647c4e3b),
('irbp9uu1rsc6solkg2vdckl1ud10mk1q', '::1', 1515848479, 0x5f5f63695f6c6173745f726567656e65726174657c693a313531353834383437393b757365725f69647c733a313a2232223b7061636b6167655f69647c733a313a2230223b757365725f666e616d657c733a353a224669727374223b757365725f6c6e616d657c733a343a2255736572223b757365725f656d61696c7c733a31383a226d61696e7573657240676d61696c2e636f6d223b757365725f747970657c733a343a2255736572223b637175697a5f69647c4e3b),
('8g0kqi4itmhf8urg8js4cilm3kp2qm5o', '::1', 1515849385, 0x5f5f63695f6c6173745f726567656e65726174657c693a313531353834393338353b757365725f69647c733a313a2232223b7061636b6167655f69647c733a313a2230223b757365725f666e616d657c733a353a224669727374223b757365725f6c6e616d657c733a343a2255736572223b757365725f656d61696c7c733a31383a226d61696e7573657240676d61696c2e636f6d223b757365725f747970657c733a343a2255736572223b637175697a5f69647c4e3b),
('ce5ivnpjkjdaftaa2u4b3jdvqk6sq6b2', '::1', 1515849836, 0x5f5f63695f6c6173745f726567656e65726174657c693a313531353834393833363b757365725f69647c733a313a2232223b7061636b6167655f69647c733a313a2230223b757365725f666e616d657c733a353a224669727374223b757365725f6c6e616d657c733a343a2255736572223b757365725f656d61696c7c733a31383a226d61696e7573657240676d61696c2e636f6d223b757365725f747970657c733a343a2255736572223b637175697a5f69647c4e3b),
('s2brvrkj3ob6omg9105sksl2qjjm685m', '::1', 1515850177, 0x5f5f63695f6c6173745f726567656e65726174657c693a313531353835303137373b757365725f69647c733a313a2232223b7061636b6167655f69647c733a313a2230223b757365725f666e616d657c733a353a224669727374223b757365725f6c6e616d657c733a343a2255736572223b757365725f656d61696c7c733a31383a226d61696e7573657240676d61696c2e636f6d223b757365725f747970657c733a343a2255736572223b637175697a5f69647c4e3b),
('qj8j7scg0auopbfma7v6vfvpviol83gl', '::1', 1515850520, 0x5f5f63695f6c6173745f726567656e65726174657c693a313531353835303532303b757365725f69647c733a313a2232223b7061636b6167655f69647c733a313a2230223b757365725f666e616d657c733a353a224669727374223b757365725f6c6e616d657c733a343a2255736572223b757365725f656d61696c7c733a31383a226d61696e7573657240676d61696c2e636f6d223b757365725f747970657c733a343a2255736572223b637175697a5f69647c4e3b),
('808d5jihk527h3kq2moqkura3b1v9amd', '::1', 1515850931, 0x5f5f63695f6c6173745f726567656e65726174657c693a313531353835303933313b757365725f69647c733a313a2232223b7061636b6167655f69647c733a313a2230223b757365725f666e616d657c733a353a224669727374223b757365725f6c6e616d657c733a343a2255736572223b757365725f656d61696c7c733a31383a226d61696e7573657240676d61696c2e636f6d223b757365725f747970657c733a343a2255736572223b637175697a5f69647c4e3b),
('qq5jhbo2jp667egfuq0t543773lu0f87', '::1', 1515851263, 0x5f5f63695f6c6173745f726567656e65726174657c693a313531353835313236333b757365725f69647c733a313a2232223b7061636b6167655f69647c733a313a2230223b757365725f666e616d657c733a353a224669727374223b757365725f6c6e616d657c733a343a2255736572223b757365725f656d61696c7c733a31383a226d61696e7573657240676d61696c2e636f6d223b757365725f747970657c733a343a2255736572223b637175697a5f69647c4e3b),
('vletjom6jb4n4jt0khl579j09ccptir1', '::1', 1515851581, 0x5f5f63695f6c6173745f726567656e65726174657c693a313531353835313538313b757365725f69647c733a313a2232223b7061636b6167655f69647c733a313a2230223b757365725f666e616d657c733a353a224669727374223b757365725f6c6e616d657c733a343a2255736572223b757365725f656d61696c7c733a31383a226d61696e7573657240676d61696c2e636f6d223b757365725f747970657c733a343a2255736572223b637175697a5f69647c4e3b),
('oe179ll8tif5stc6r66of74l3rh03snf', '::1', 1515851921, 0x5f5f63695f6c6173745f726567656e65726174657c693a313531353835313932313b757365725f69647c733a313a2232223b7061636b6167655f69647c733a313a2230223b757365725f666e616d657c733a353a224669727374223b757365725f6c6e616d657c733a343a2255736572223b757365725f656d61696c7c733a31383a226d61696e7573657240676d61696c2e636f6d223b757365725f747970657c733a343a2255736572223b637175697a5f69647c4e3b),
('m8dfkisn1th21ugsh3g914plvbssd0uf', '::1', 1515852324, 0x5f5f63695f6c6173745f726567656e65726174657c693a313531353835323332343b757365725f69647c733a313a2232223b7061636b6167655f69647c733a313a2230223b757365725f666e616d657c733a353a224669727374223b757365725f6c6e616d657c733a343a2255736572223b757365725f656d61696c7c733a31383a226d61696e7573657240676d61696c2e636f6d223b757365725f747970657c733a343a2255736572223b637175697a5f69647c4e3b),
('71t77hr27qel3acosssj27ataofan963', '::1', 1515852675, 0x5f5f63695f6c6173745f726567656e65726174657c693a313531353835323637353b757365725f69647c733a313a2232223b7061636b6167655f69647c733a313a2230223b757365725f666e616d657c733a353a224669727374223b757365725f6c6e616d657c733a343a2255736572223b757365725f656d61696c7c733a31383a226d61696e7573657240676d61696c2e636f6d223b757365725f747970657c733a343a2255736572223b637175697a5f69647c4e3b),
('1buaru9eq5mnn430g7khh8mcqqql2clg', '::1', 1515853002, 0x5f5f63695f6c6173745f726567656e65726174657c693a313531353835333030323b757365725f69647c733a313a2232223b7061636b6167655f69647c733a313a2230223b757365725f666e616d657c733a353a224669727374223b757365725f6c6e616d657c733a343a2255736572223b757365725f656d61696c7c733a31383a226d61696e7573657240676d61696c2e636f6d223b757365725f747970657c733a343a2255736572223b637175697a5f69647c4e3b),
('bu0onal5glgc7bl54d363ih2umljiemr', '::1', 1515853371, 0x5f5f63695f6c6173745f726567656e65726174657c693a313531353835333337313b757365725f69647c733a313a2232223b7061636b6167655f69647c733a313a2230223b757365725f666e616d657c733a353a224669727374223b757365725f6c6e616d657c733a343a2255736572223b757365725f656d61696c7c733a31383a226d61696e7573657240676d61696c2e636f6d223b757365725f747970657c733a343a2255736572223b637175697a5f69647c4e3b),
('m3p12vo4ohqrrskami808kt2j50sgejb', '::1', 1515853785, 0x5f5f63695f6c6173745f726567656e65726174657c693a313531353835333738353b757365725f69647c733a313a2232223b7061636b6167655f69647c733a313a2230223b757365725f666e616d657c733a353a224669727374223b757365725f6c6e616d657c733a343a2255736572223b757365725f656d61696c7c733a31383a226d61696e7573657240676d61696c2e636f6d223b757365725f747970657c733a343a2255736572223b637175697a5f69647c733a323a223136223b),
('a16lir3bfh001kd65ht9pkusgblm40ph', '::1', 1515853985, 0x5f5f63695f6c6173745f726567656e65726174657c693a313531353835333738353b757365725f69647c733a313a2232223b7061636b6167655f69647c733a313a2230223b757365725f666e616d657c733a353a224669727374223b757365725f6c6e616d657c733a343a2255736572223b757365725f656d61696c7c733a31383a226d61696e7573657240676d61696c2e636f6d223b757365725f747970657c733a343a2255736572223b637175697a5f69647c4e3b),
('jvvm9idbve07atapq5ld91mrs0dge87g', '::1', 1515864056, 0x5f5f63695f6c6173745f726567656e65726174657c693a313531353836343035363b757365725f69647c733a313a2232223b7061636b6167655f69647c733a313a2230223b757365725f666e616d657c733a353a224669727374223b757365725f6c6e616d657c733a343a2255736572223b757365725f656d61696c7c733a31383a226d61696e7573657240676d61696c2e636f6d223b757365725f747970657c733a343a2255736572223b),
('iqiieh4a5usgkhr317r33nf96lk29ln2', '::1', 1515864402, 0x5f5f63695f6c6173745f726567656e65726174657c693a313531353836343430323b757365725f69647c733a313a2232223b7061636b6167655f69647c733a313a2230223b757365725f666e616d657c733a353a224669727374223b757365725f6c6e616d657c733a343a2255736572223b757365725f656d61696c7c733a31383a226d61696e7573657240676d61696c2e636f6d223b757365725f747970657c733a343a2255736572223b),
('ves95of5pkitknel2k44jnvitdvkfsmc', '::1', 1515864764, 0x5f5f63695f6c6173745f726567656e65726174657c693a313531353836343736343b757365725f69647c733a313a2232223b7061636b6167655f69647c733a313a2230223b757365725f666e616d657c733a353a224669727374223b757365725f6c6e616d657c733a343a2255736572223b757365725f656d61696c7c733a31383a226d61696e7573657240676d61696c2e636f6d223b757365725f747970657c733a343a2255736572223b),
('26q9mj2lthhu9q2vfumi66r97d5dlp76', '::1', 1515865441, 0x5f5f63695f6c6173745f726567656e65726174657c693a313531353836353434313b757365725f69647c733a313a2232223b7061636b6167655f69647c733a313a2230223b757365725f666e616d657c733a353a224669727374223b757365725f6c6e616d657c733a343a2255736572223b757365725f656d61696c7c733a31383a226d61696e7573657240676d61696c2e636f6d223b757365725f747970657c733a343a2255736572223b),
('pu9da7jl2jkf4tl3vihilclr3itqic4j', '::1', 1515865779, 0x5f5f63695f6c6173745f726567656e65726174657c693a313531353836353737393b757365725f69647c733a313a2232223b7061636b6167655f69647c733a313a2230223b757365725f666e616d657c733a353a224669727374223b757365725f6c6e616d657c733a343a2255736572223b757365725f656d61696c7c733a31383a226d61696e7573657240676d61696c2e636f6d223b757365725f747970657c733a343a2255736572223b),
('kmsae7ogq42hb3trbv8lri1evi315up3', '::1', 1515866234, 0x5f5f63695f6c6173745f726567656e65726174657c693a313531353836363233343b757365725f69647c733a313a2232223b7061636b6167655f69647c733a313a2230223b757365725f666e616d657c733a353a224669727374223b757365725f6c6e616d657c733a343a2255736572223b757365725f656d61696c7c733a31383a226d61696e7573657240676d61696c2e636f6d223b757365725f747970657c733a343a2255736572223b),
('9i6omraphku6gvhggtm74c1fp8irlj80', '::1', 1515866597, 0x5f5f63695f6c6173745f726567656e65726174657c693a313531353836363539373b757365725f69647c733a313a2232223b7061636b6167655f69647c733a313a2230223b757365725f666e616d657c733a353a224669727374223b757365725f6c6e616d657c733a343a2255736572223b757365725f656d61696c7c733a31383a226d61696e7573657240676d61696c2e636f6d223b757365725f747970657c733a343a2255736572223b),
('cqp42jm28vhiqlk6s777quluucgmfrpi', '::1', 1515867713, 0x5f5f63695f6c6173745f726567656e65726174657c693a313531353836373731333b757365725f69647c733a313a2232223b7061636b6167655f69647c733a313a2230223b757365725f666e616d657c733a353a224669727374223b757365725f6c6e616d657c733a343a2255736572223b757365725f656d61696c7c733a31383a226d61696e7573657240676d61696c2e636f6d223b757365725f747970657c733a343a2255736572223b),
('eges8dkcakgkism2te4pcdghfb6g0p3t', '::1', 1515866935, 0x5f5f63695f6c6173745f726567656e65726174657c693a313531353836363933343b757365725f69647c733a313a2232223b7061636b6167655f69647c733a313a2230223b757365725f666e616d657c733a353a224669727374223b757365725f6c6e616d657c733a343a2255736572223b757365725f656d61696c7c733a31383a226d61696e7573657240676d61696c2e636f6d223b757365725f747970657c733a343a2255736572223b),
('hqa712us24ii66uo8g8u8e3q1rjjlbnf', '::1', 1515867286, 0x5f5f63695f6c6173745f726567656e65726174657c693a313531353836373238363b757365725f69647c733a313a2232223b7061636b6167655f69647c733a313a2230223b757365725f666e616d657c733a353a224669727374223b757365725f6c6e616d657c733a343a2255736572223b757365725f656d61696c7c733a31383a226d61696e7573657240676d61696c2e636f6d223b757365725f747970657c733a343a2255736572223b),
('u9bu2r5j67u10tkg34p7jf1olfiogbsc', '::1', 1515867629, 0x5f5f63695f6c6173745f726567656e65726174657c693a313531353836373632393b757365725f69647c733a313a2232223b7061636b6167655f69647c733a313a2230223b757365725f666e616d657c733a353a224669727374223b757365725f6c6e616d657c733a343a2255736572223b757365725f656d61696c7c733a31383a226d61696e7573657240676d61696c2e636f6d223b757365725f747970657c733a343a2255736572223b),
('dbuvasag1lhqu95tfagdj851o80n9tke', '::1', 1515867632, 0x5f5f63695f6c6173745f726567656e65726174657c693a313531353836373632393b757365725f69647c733a313a2232223b7061636b6167655f69647c733a313a2230223b757365725f666e616d657c733a353a224669727374223b757365725f6c6e616d657c733a343a2255736572223b757365725f656d61696c7c733a31383a226d61696e7573657240676d61696c2e636f6d223b757365725f747970657c733a343a2255736572223b),
('jfgj8ebj5os8flpim77tnt8rii0ok0va', '::1', 1515867870, 0x5f5f63695f6c6173745f726567656e65726174657c693a313531353836373837303b),
('g3b8tfcfbkcmlll7hhh0ih8ttsefqdif', '::1', 1515868810, 0x5f5f63695f6c6173745f726567656e65726174657c693a313531353836383831303b757365725f69647c733a313a2231223b7061636b6167655f69647c733a313a2230223b757365725f666e616d657c733a353a2241646d696e223b757365725f6c6e616d657c733a383a226973747261746f72223b757365725f656d61696c7c733a31363a2261646d696e40626561727a752e636f6d223b757365725f747970657c733a353a2241646d696e223b),
('1bnpsp19376jc39rpc03bhns69q5f6si', '::1', 1515868826, 0x5f5f63695f6c6173745f726567656e65726174657c693a313531353836383831303b757365725f69647c733a313a2231223b7061636b6167655f69647c733a313a2230223b757365725f666e616d657c733a353a2241646d696e223b757365725f6c6e616d657c733a383a226973747261746f72223b757365725f656d61696c7c733a31363a2261646d696e40626561727a752e636f6d223b757365725f747970657c733a353a2241646d696e223b),
('6q3310kd3ja0d3tq669ms8bni5b3lt7m', '::1', 1515918711, 0x5f5f63695f6c6173745f726567656e65726174657c693a313531353931383537343b757365725f69647c733a313a2232223b7061636b6167655f69647c733a313a2230223b757365725f666e616d657c733a353a224669727374223b757365725f6c6e616d657c733a343a2255736572223b757365725f656d61696c7c733a31383a226d61696e7573657240676d61696c2e636f6d223b757365725f747970657c733a343a2255736572223b);

-- --------------------------------------------------------

--
-- Table structure for table `contacts`
--

CREATE TABLE `contacts` (
  `id` int(11) NOT NULL,
  `user_id` int(11) NOT NULL,
  `first_name` varchar(100) NOT NULL,
  `last_name` varchar(100) NOT NULL,
  `email` varchar(50) NOT NULL,
  `create_at` datetime NOT NULL DEFAULT CURRENT_TIMESTAMP
) ENGINE=InnoDB DEFAULT CHARSET=latin1;

--
-- Dumping data for table `contacts`
--

INSERT INTO `contacts` (`id`, `user_id`, `first_name`, `last_name`, `email`, `create_at`) VALUES
(1, 2, 'new', '', 'add@gmail.com', '2018-01-14 02:20:21');

-- --------------------------------------------------------

--
-- Table structure for table `contacts_results`
--

CREATE TABLE `contacts_results` (
  `id` int(11) NOT NULL,
  `contact_id` int(11) NOT NULL,
  `quiz_id` int(11) NOT NULL,
  `outcome_id` int(11) NOT NULL,
  `create_at` datetime NOT NULL DEFAULT CURRENT_TIMESTAMP
) ENGINE=InnoDB DEFAULT CHARSET=latin1;

--
-- Dumping data for table `contacts_results`
--

INSERT INTO `contacts_results` (`id`, `contact_id`, `quiz_id`, `outcome_id`, `create_at`) VALUES
(1, 1, 16, 11, '2018-01-14 02:20:21');

-- --------------------------------------------------------

--
-- Table structure for table `core_settings`
--

CREATE TABLE `core_settings` (
  `id` int(11) NOT NULL,
  `name` varchar(255) NOT NULL,
  `value` text NOT NULL,
  `default_value` text NOT NULL,
  `description` text NOT NULL,
  `required` int(1) NOT NULL DEFAULT '0',
  `created_at` datetime NOT NULL,
  `modified_at` datetime NOT NULL
) ENGINE=InnoDB DEFAULT CHARSET=utf8;

--
-- Dumping data for table `core_settings`
--

INSERT INTO `core_settings` (`id`, `name`, `value`, `default_value`, `description`, `required`, `created_at`, `modified_at`) VALUES
(1, 'auto_update', 'yes', 'yes', '<h5>Auto Update</h5>\n<p>\nAutomatic update core system when there is update available in SBPro.\n</p>', 1, '0000-00-00 00:00:00', '0000-00-00 00:00:00'),
(2, 'license_key', '', '', '<h5>License Key</h5>\n			<p>\n				License Key, without this key you are unable to get further updates.\n			</p>', 1, '2017-12-08 15:15:19', '0000-00-00 00:00:00');

-- --------------------------------------------------------

--
-- Table structure for table `frames`
--

CREATE TABLE `frames` (
  `frames_id` int(11) NOT NULL,
  `pages_id` int(11) NOT NULL,
  `sites_id` int(11) NOT NULL,
  `frames_content` text NOT NULL,
  `frames_height` varchar(20) NOT NULL,
  `frames_original_url` varchar(255) NOT NULL,
  `frames_loaderfunction` varchar(255) NOT NULL,
  `frames_sandbox` int(1) NOT NULL DEFAULT '0',
  `frames_timestamp` int(11) NOT NULL,
  `frames_global` int(1) NOT NULL DEFAULT '0',
  `revision` int(1) NOT NULL DEFAULT '0',
  `created_at` datetime DEFAULT NULL,
  `modified_at` datetime DEFAULT NULL
) ENGINE=InnoDB DEFAULT CHARSET=utf8;

--
-- Dumping data for table `frames`
--

INSERT INTO `frames` (`frames_id`, `pages_id`, `sites_id`, `frames_content`, `frames_height`, `frames_original_url`, `frames_loaderfunction`, `frames_sandbox`, `frames_timestamp`, `frames_global`, `revision`, `created_at`, `modified_at`) VALUES
(1, 7, 7, '<html><head>\n    <meta charset=\"utf-8\">\n    <title>Header</title>\n    <meta name=\"viewport\" content=\"width=device-width, initial-scale=1.0\">\n    \n    <!-- HTML5 shim, for IE6-8 support of HTML5 elements. All other JS at the end of file. -->\n    <!--[if lt IE 9]>\n      <script src=\"js/html5shiv.js\"></script>\n      <script src=\"js/respond.min.js\"></script>\n    <![endif]-->\n<link href=\"../bundles/Yummy_content.css\" rel=\"stylesheet\"><style type=\"text/css\">@import url(https://fonts.googleapis.com/css?family=Montserrat:300,400,700,900);</style><style type=\"text/css\">@import url(https://fonts.googleapis.com/css?family=Lato:300,400,700,900);</style><link rel=\"stylesheet\" href=\"blob:http://localhost:8084/1c09a2a9-30bf-436c-ab90-20ea635d8b45\"><link rel=\"stylesheet\" href=\"../css/blocks.css\" type=\"text/css\" media=\"screen\" charset=\"utf-8\" id=\"mediumCss0\"></head><body style=\"\">\n\n    <div id=\"page\" class=\"page\">\n\n        <div class=\"block content background-cover center-center padding-top-100 padding-bottom-100\" style=\"background-color: #2D8598\" id=\"content2\">\n\n            <div class=\"container\">\n\n                <div class=\"row v-center\" data-component=\"grid\" draggable=\"true\">\n\n                    <div class=\"col-md-5 v-align\">\n\n                        <div class=\"sbpro-bg-styler text-center text-white\" data-container=\"true\">\n\n                            <div data-content=\"true\" data-component=\"heading\" draggable=\"true\">\n                                <h3 style=\"margin-top: 0px;\" class=\"\">Revolutionairy Builder</h3>\n                            </div>\n\n                            <div data-content=\"true\" data-component=\"text\" draggable=\"true\">\n                                <p>\n                                    Lorem ipsum dolor sit amet, consectetur adipisicing elit, sed do eiusmod tempor incididunt ut labore et dolore magna aliqua. Ut enim ad minim ven\n                                </p>\n                            </div>\n\n                            <div data-component=\"button\" draggable=\"true\">\n                                <a href=\"#\" class=\"btn btn-info btn-wide\">Explore SiteBuilder</a>\n                            </div>\n\n                        </div><!-- /data-container -->\n\n                    </div><!-- /.col -->\n\n                    <div class=\"col-md-6 col-md-offset-1\">\n\n                        <div data-container=\"true\">\n\n                            <div data-component=\"image\" draggable=\"true\">\n                                <img src=\"../bundles/fd1abbac95ae4d9f2633e6f391414103.jpg\" class=\"img-rounded\">\n                            </div>\n\n                        </div><!-- /data-container -->\n\n                    </div><!-- /.col -->\n\n                </div><!-- /.row -->\n\n            </div><!-- /.container -->\n\n        </div>\n\n    </div>\n    \n<script type=\"text/javascript\" src=\"../bundles/Yummy_content.bundle.js\"></script>\n\n</body>', '843', 'http://localhost:8084/elements/Yummy/content2.html', '', 0, 1512930472, 0, 1, NULL, NULL),
(2, 7, 7, '<html><head>\n    <meta charset=\"utf-8\">\n    <title>Header</title>\n    <meta name=\"viewport\" content=\"width=device-width, initial-scale=1.0\">\n    \n    <!-- HTML5 shim, for IE6-8 support of HTML5 elements. All other JS at the end of file. -->\n    <!--[if lt IE 9]>\n      <script src=\"js/html5shiv.js\"></script>\n      <script src=\"js/respond.min.js\"></script>\n    <![endif]-->\n<link href=\"../bundles/Yummy_content.css\" rel=\"stylesheet\"><style type=\"text/css\">@import url(https://fonts.googleapis.com/css?family=Montserrat:300,400,700,900);</style><style type=\"text/css\">@import url(https://fonts.googleapis.com/css?family=Lato:300,400,700,900);</style><link rel=\"stylesheet\" href=\"blob:http://localhost:8084/253e6c83-35b9-4d43-bf9a-38ecb0805abe\"><link rel=\"stylesheet\" href=\"../css/blocks.css\" type=\"text/css\" media=\"screen\" charset=\"utf-8\" id=\"mediumCss0\"></head><body style=\"\">\n\n    <div id=\"page\" class=\"page\">\n\n        <div class=\"block content background-cover center-center padding-top-100 padding-bottom-100\" id=\"content8\">\n\n            <div class=\"container\">\n\n                <div class=\"row sb_hover\" data-component=\"grid\" draggable=\"true\">\n\n                    <div class=\"col-md-12\">\n\n                        <div data-container=\"true\">\n\n                            <div data-content=\"true\" data-component=\"heading\" draggable=\"true\">\n                                <h2>RLorem ipsum dolor sit amet, consectetur adipiscing elit.</h2>\n                            </div>\n\n                            <div data-content=\"true\" data-component=\"text\" draggable=\"true\">\n                                <p class=\"lead\" style=\"margin-bottom: 50px;\">\n                                    Suspendisse potenti. Proin hendrerit ornare dictum. Quisque nunc arcu, lacinia et elit et, adipiscing malesuada felis. Nullam quam augue, euismod vitae turpis sed.\n                                </p>\n                            </div>\n\n                        </div><!-- /data-container -->\n\n                    </div><!-- /.col -->\n\n                </div><!-- /.row -->\n\n                <div class=\"row\" data-component=\"grid\" draggable=\"true\">\n\n                    <div class=\"col-md-4\">\n\n                        <div class=\"sbpro-bg-styler padding-sm\" data-container=\"true\">\n\n                            <div data-component=\"image\" draggable=\"true\">\n                                <img src=\"../bundles/3e3d69e3fe6896fc37aa2542462fe05e.jpg\" class=\"img-rounded\">\n                            </div>\n\n                            <div data-content=\"true\" data-component=\"heading\" draggable=\"true\">\n                                <h3 class=\"\">Column One</h3>\n                            </div>\n\n                            <div data-content=\"true\" data-component=\"text\" draggable=\"true\">\n                                <p>\n                                    Ut non lobortis est. Ut dictum scelerisque luctus. Aliquam condimentum interdum odio, et fermentum nulla pharetra in. Praesent pellentesque neque nec eros tempus, ac venenatis ante interdum.\n                                </p>\n                            </div>\n\n                        </div><!-- /data-container -->\n\n                    </div><!-- /.col -->\n\n                    <div class=\"col-md-4\">\n\n                        <div class=\"sbpro-bg-styler padding-sm\" data-container=\"true\">\n\n                            <div data-component=\"image\" draggable=\"true\">\n                                <img src=\"../bundles/63e2a45aeb51eb331c87e579acb4c111.jpg\" class=\"img-rounded\">\n                            </div>\n\n                            <div data-content=\"true\" data-component=\"heading\" draggable=\"true\">\n                                <h3>Column Two</h3>\n                            </div>\n\n                            <div data-content=\"true\" data-component=\"text\" draggable=\"true\">\n                                <p>\n                                    Ut non lobortis est. Ut dictum scelerisque luctus. Aliquam condimentum interdum odio, et fermentum nulla pharetra in. Praesent pellentesque neque nec eros tempus, ac venenatis ante interdum.\n                                </p>\n                            </div>\n\n                        </div><!-- /data-container -->\n\n                    </div><!-- /.col -->\n\n                    <div class=\"col-md-4\">\n\n                        <div class=\"sbpro-bg-styler padding-sm\" data-container=\"true\">\n\n                            <div data-component=\"image\" draggable=\"true\">\n                                <img src=\"../bundles/3015796187f7488d04acd4c82b311ae9.jpg\" class=\"img-rounded\">\n                            </div>\n\n                            <div data-content=\"true\" data-component=\"heading\" draggable=\"true\">\n                                <h3>Column Three</h3>\n                            </div>\n\n                            <div data-content=\"true\" data-component=\"text\" draggable=\"true\">\n                                <p>\n                                    Ut non lobortis est. Ut dictum scelerisque luctus. Aliquam condimentum interdum odio, et fermentum nulla pharetra in. Praesent pellentesque neque nec eros tempus, ac venenatis ante interdum.\n                                </p>\n                            </div>\n\n                        </div><!-- /data-container -->\n\n                    </div><!-- /.col -->\n\n                </div><!-- /.row -->\n\n            </div><!-- /.container -->\n\n        </div>\n\n    </div>\n    \n<script type=\"text/javascript\" src=\"../bundles/Yummy_content.bundle.js\"></script>\n\n<div class=\"canvasElToolbar top\" style=\"top: 70px; left: 115.5px;\"><button class=\"edit\"><img src=\"/img/icons/design-24px-glyph_pen-01@2x.png\"></button></div></body>', '2266', 'http://localhost:8084/elements/Yummy/content8.html', '', 0, 1512930568, 0, 0, NULL, NULL),
(3, 10, 10, '<html><head>\n    <meta charset=\"utf-8\">\n    <title>Header</title>\n    <meta name=\"viewport\" content=\"width=device-width, initial-scale=1.0\">\n    \n    <!-- HTML5 shim, for IE6-8 support of HTML5 elements. All other JS at the end of file. -->\n    <!--[if lt IE 9]>\n      <script src=\"js/html5shiv.js\"></script>\n      <script src=\"js/respond.min.js\"></script>\n    <![endif]-->\n<link href=\"../bundles/Yummy_contact.css\" rel=\"stylesheet\"><style type=\"text/css\">@import url(https://fonts.googleapis.com/css?family=Montserrat:300,400,700,900);</style><style type=\"text/css\">@import url(https://fonts.googleapis.com/css?family=Lato:300,400,700,900);</style><link rel=\"stylesheet\" href=\"blob:http://localhost:8084/ca025248-1876-4fae-8bbe-0de328951f44\"><link rel=\"stylesheet\" href=\"../css/blocks.css\" type=\"text/css\" media=\"screen\" charset=\"utf-8\" id=\"mediumCss0\"></head><body>\n\n    <div id=\"page\" class=\"page\">\n\n        <div class=\"block contact full-vheight bottom-center v-align v-single padding-top-20 background-cover\" style=\"background-image: url(\'../bundles/3a075e08d3407a2254e6b534545bb20e.jpg\');\" id=\"contact6\">\n\n            <div class=\"container\">\n\n                <div class=\"row\" data-component=\"grid\" draggable=\"true\">\n\n                    <div class=\"col-md-10 col-md-offset-1 col-sm-12 col-xs-12\">\n\n                        <div data-container=\"true\" class=\"sbpro-bg-styler bg-white border-radius-lg\">\n\n                            <div class=\"row\" data-component=\"grid\" draggable=\"true\">\n\n                                <div class=\"col-md-6\">\n\n                                    <div data-container=\"true\" class=\"sbpro-bg-styler padding-lg\">\n\n                                        <div data-content=\"true\" data-component=\"heading\" draggable=\"true\">\n                                            <h4 class=\"text-uppercase\">GET IN TOUCH</h4>\n                                        </div>\n\n                                        <div data-content=\"true\" data-component=\"text\" draggable=\"true\">\n                                            <p>\n                                                St. Maorqet<br>\n                                                Sabestian Park,<br>\n                                                Niveda\n                                            </p>\n                                        </div>\n\n                                        <div data-content=\"true\" data-component=\"heading\" draggable=\"true\">\n                                            <h4 class=\"text-uppercase\">OFFICE HOURS</h4>\n                                        </div>\n\n                                        <div data-content=\"true\" data-component=\"text\" draggable=\"true\">\n                                            <p>\n                                                Monday - Saturday<br>\n                                                Morning: <b>10.00 AM - 4.00 PM</b>\n                                            </p>\n                                            <p class=\"\">\n                                                Sunday\'s<br>\n                                                Morning: <b>12.00 AM - 2.00 PM</b>\n                                            </p>\n                                        </div>\n\n                                    </div><!-- /data-container -->\n\n                                </div><!-- /.col -->\n\n                                <div class=\"col-md-6\">\n\n                                    <div data-container=\"true\" class=\"sbpro-bg-styler padding-lg\">\n\n                                        <div data-component=\"form\" draggable=\"true\">\n                                        \n                                            <form action=\"\" method=\"post\" class=\"\">\n\n                                                <input type=\"text\" name=\"_honey\" value=\"\" style=\"display:none\">\n                                                <input type=\"hidden\" name=\"_subject\" value=\"Thanks for reaching out.\">\n\n                                                <div data-component=\"form-group\" data-content=\"true\">\n                                                    <div class=\"form-group\">\n                                                        <label for=\"exampleInputEmail1\">Your Name:</label>\n                                                        <input type=\"text\" class=\"form-control\" id=\"name\" placeholder=\"Your name\" name=\"name\">\n                                                    </div>\n                                                </div>\n\n                                                <div data-component=\"form-group\" data-content=\"true\">\n                                                    <div class=\"form-group\">\n                                                        <label for=\"exampleInputEmail1\">Your Email:</label>\n                                                        <input type=\"email\" class=\"form-control\" id=\"email\" placeholder=\"Your email\" name=\"email\">\n                                                    </div>\n                                                </div>\n\n                                                <div data-component=\"form-group\" data-content=\"true\">\n                                                    <div class=\"form-group\">\n                                                        <label for=\"exampleInputEmail1\">Your Message:</label>\n                                                        <textarea class=\"form-control\" id=\"yourmessage\" name=\"message\" rows=\"10\">Your message</textarea>\n                                                    </div>\n                                                </div>\n\n                                                <button type=\"submit\" class=\"btn btn-info btn-block\">Send message</button>\n\n                                            </form>\n\n                                        </div>\n\n                                    </div><!-- /data-container -->\n\n                                </div><!-- /.col -->\n\n                            </div><!-- /data-container -->\n\n                        </div><!-- /data-container -->\n\n                    </div><!-- /.col -->\n\n                </div><!-- /.row -->\n\n            </div><!-- /.container -->\n\n        </div>\n\n    </div>\n    \n<script type=\"text/javascript\" src=\"../bundles/Yummy_contact.bundle.js\"></script>\n\n</body>', '90vh', 'http://localhost:8084/elements/Yummy/contact6.html', '', 0, 1513229622, 0, 0, NULL, NULL),
(4, 10, 10, '<html><head>\n    <meta charset=\"utf-8\">\n    <title>Header</title>\n    <meta name=\"viewport\" content=\"width=device-width, initial-scale=1.0\">\n    \n    <!-- HTML5 shim, for IE6-8 support of HTML5 elements. All other JS at the end of file. -->\n    <!--[if lt IE 9]>\n      <script src=\"js/html5shiv.js\"></script>\n      <script src=\"js/respond.min.js\"></script>\n    <![endif]-->\n<link href=\"../bundles/Yummy_contact.css\" rel=\"stylesheet\"><style type=\"text/css\">@import url(https://fonts.googleapis.com/css?family=Montserrat:300,400,700,900);</style><style type=\"text/css\">@import url(https://fonts.googleapis.com/css?family=Lato:300,400,700,900);</style><link rel=\"stylesheet\" href=\"blob:http://localhost:8084/3cebec3d-c589-46b9-8fba-cf373eae8049\"><link rel=\"stylesheet\" href=\"../css/blocks.css\" type=\"text/css\" media=\"screen\" charset=\"utf-8\" id=\"mediumCss0\"></head><body style=\"\">\n\n    <div id=\"page\" class=\"page\">\n\n        <div class=\"block contact background-cover center-center padding-top-100 padding-bottom-100\" id=\"contact7\">\n\n            <div class=\"container\">\n\n                <div class=\"row v-center\" data-component=\"grid\" draggable=\"true\">\n\n                    <div class=\"col-md-6\">\n\n                        <div data-container=\"true\">\n\n                            <div data-component=\"image\" draggable=\"true\">\n                                <img src=\"../bundles/fbef1503bca37af89961210a566f015a.jpg\" class=\"img-thumbnail\">\n                            </div>\n\n                        </div><!-- /data-container -->\n\n                    </div><!-- /.col -->\n\n                    <div class=\"col-md-5 col-md-offset-1\">\n\n                        <div data-container=\"true\">\n\n                            <div data-component=\"form\" draggable=\"true\">\n\n                                <div data-content=\"true\" data-component=\"heading\" draggable=\"true\">\n                                    <h4 class=\"sb_hover\">we\'d love to hear from you!</h4>\n                                </div>\n                                \n                                <div data-content=\"true\" data-component=\"text\" draggable=\"true\">\n                                    <p>\n                                        E: <a href=\"mailto:info@something.com\">info@something.com</a><br>\n                                        P: +12 345 6789\n                                    </p>\n                                    <p>\n                                        21 Somewhere Street<br>\n                                        Something Town<br>\n                                        90110 Some Country\n                                    </p>  \n                                </div>\n                                \n                                <form action=\"\" method=\"post\" class=\"\">\n\n                                    <input type=\"text\" name=\"_honey\" value=\"\" style=\"display:none\">\n                                    <input type=\"hidden\" name=\"_subject\" value=\"Thanks for reaching out.\">\n\n                                    <div class=\"row\">\n\n                                        <div class=\"col-md-6\">\n\n                                            <div data-component=\"form-group\" data-content=\"true\">\n                                                <div class=\"form-group\">\n                                                    <label for=\"exampleInputEmail1\">Your Name:</label>\n                                                    <input type=\"text\" class=\"form-control\" id=\"name\" name=\"name\" placeholder=\"Your name\">\n                                                </div>\n                                            </div>\n\n                                        </div><!-- /.col -->\n\n                                        <div class=\"col-md-6\">\n\n                                            <div data-component=\"form-group\" data-content=\"true\">\n                                                <div class=\"form-group\">\n                                                    <label for=\"exampleInputEmail1\">Your Email:</label>\n                                                    <input type=\"email\" class=\"form-control\" id=\"email\" name=\"email\" placeholder=\"Your email\">\n                                                </div>\n                                            </div>\n\n                                        </div><!-- /.col -->\n\n                                        <div class=\"col-md-12\">\n\n                                            <div data-component=\"form-group\" data-content=\"true\">\n                                                <div class=\"form-group\">\n                                                    <label for=\"exampleInputEmail1\">Your Message:</label>\n                                                    <textarea class=\"form-control\" id=\"message\" name=\"message\" rows=\"10\">Your message</textarea>\n                                                </div>\n                                            </div>\n\n                                        </div><!-- /.col -->\n\n                                        <div class=\"col-md-12\">\n\n                                            <button type=\"submit\" class=\"btn btn-primary btn-wide\">Send message</button>\n\n                                        </div>\n\n                                    </div><!-- /.row -->\n\n                                </form>\n\n                            </div>\n\n                        </div><!-- /data-container -->\n\n                    </div><!-- /.col -->\n\n                </div><!-- /.row -->\n\n            </div><!-- /.container -->\n\n        </div>\n\n    </div>\n    \n<script type=\"text/javascript\" src=\"../bundles/Yummy_contact.bundle.js\"></script>\n\n<div class=\"canvasElToolbar top\" style=\"top: 1174.81px; left: 125.5px;\"><button class=\"edit\"><img src=\"/img/icons/design-24px-glyph_pen-01@2x.png\"></button><button class=\"content\"><img src=\"/img/icons/design-24px-glyph_text@2x.png\"></button></div></body>', '1975', 'http://localhost:8084/elements/Yummy/contact7.html', '', 0, 1513229622, 0, 0, NULL, NULL);

-- --------------------------------------------------------

--
-- Table structure for table `outcomes`
--

CREATE TABLE `outcomes` (
  `id` int(11) NOT NULL,
  `title` varchar(100) NOT NULL,
  `description` text NOT NULL,
  `quiz_id` int(11) NOT NULL,
  `create_at` datetime NOT NULL,
  `modify_at` datetime NOT NULL
) ENGINE=InnoDB DEFAULT CHARSET=latin1;

--
-- Dumping data for table `outcomes`
--

INSERT INTO `outcomes` (`id`, `title`, `description`, `quiz_id`, `create_at`, `modify_at`) VALUES
(8, 'Your score is 20', 'Newly Added Outcome', 17, '0000-00-00 00:00:00', '0000-00-00 00:00:00'),
(9, 'Your score is 30', 'Newly Added Outcome', 17, '0000-00-00 00:00:00', '0000-00-00 00:00:00'),
(10, 'Your score is 50', 'Newly Added Outcome', 17, '0000-00-00 00:00:00', '0000-00-00 00:00:00'),
(11, 'Keep renting. It’s the best option for your situation.', 'At this point in your life, your lifestyle and/or your financial situation just don’t line up with home ownership. You prefer independence, having someone else fix and maintain things, and not having a yard to take care of. Even if you did want a home, you might have a bit too much debt, not enough savings, or too low of an income to qualify for a loan.\r\n\r\n \r\n\r\nSo for now, keep renting, and enjoy the flexible lifestyle it affords you. If you’re in an apartment, consider renting something different, like a townhome, condo, or even a house, and see how you like the differences.\r\nIf you do someday want to purchase a home, get started on improving your financial situation. Here are some goals you can set for yourself:\r\n\r\n1)      Pay down your debts. Too much debt makes it much harder to get a loan, unless you have high enough income to put the banks at ease.\r\n\r\n2)      Boost your savings. You don’t need tons of money for a down payment, but you do need something. Get something going so you’ll have it when the time comes.\r\n\r\n3)      Boost your income. Easier said than done, right? Well, you have time, so look for ways to grow your income. New education or certifications can help in some fields, and so can career switches to jobs with more opportunities for promotion. Start thinking about it…\r\n\r\nDisclaimer: This quiz does not constitute formal financial advice. Always seek the help of a professional realtor and/or loan officer before beginning the home-buying process.', 16, '0000-00-00 00:00:00', '0000-00-00 00:00:00'),
(12, 'You should buy a home or condo, but wait a couple years.', 'You want a place to call your own. You want to change things, make improvements, and make it fit your personality and lifestyle. But your finances just aren’t quite there.\r\n\r\n \r\n\r\nYou might have too-low credit scores, too much debt, or not quite enough savings or income. You might also be self-employed, or you’re juggling multiple part-time jobs. Whatever the case, banks will look for a little more in these areas. So your best option is to wait a couple years and focus on improving your financial situation. A few tips:\r\n\r\n \r\n\r\n1)      Improve your credit scores. Make sure you pay off bills every month, and reduce your debts, starting with the highest interest accounts first.\r\n\r\n \r\n\r\n2)      Build up your savings. You’ll want something for a down payment. It won’t have to be as large as you might think, but you’ll need more than you have now.\r\n\r\n \r\n\r\n3)      Look for ways to grow your income. If you want a home, you’ll need enough so your debts are less than 43% of your income. But if you have a lot of debt, that’s also why paying that down is so important.\r\n\r\n \r\n\r\n \r\n\r\n \r\n\r\nDisclaimer: This quiz does not constitute formal financial advice. Always seek the help of a professional realtor and/or loan officer before beginning the home-buying process.', 16, '0000-00-00 00:00:00', '0000-00-00 00:00:00'),
(13, 'You’re ready for your first home!', 'You have the perspective of a homeowner. You’re okay making your own repairs and doing your own maintenance. A yard doesn’t freak you out (or if it does, you can always buy a condo or townhome). And most important of all, you have good financial health: good credit scores, consistently high enough income, few debts, and enough savings.\r\n\r\n \r\n\r\nThis doesn’t mean you should go out and get a loan tomorrow, but it means you should start preparing to see yourself as an owner, and not a renter.\r\n\r\n \r\n\r\nSome things you should do to get prepared for ownership:\r\n\r\n \r\n\r\n1)      Start looking at houses and condos. It’s never too early to see what’s out there. Don’t make any offers yet. Just get a sense of the market, and hopefully some free cookies at open houses too.\r\n\r\n \r\n\r\n2)      Learn the basics of how home loans work. You could research online, or take a training course (realtors sometimes put these on for free). But you need to know how mortgage interest works, the various types of loan options, who pays what fees to whom, and some technical terms like “amortization” and “equity.”\r\n\r\n \r\n\r\n3)      Start researching realtors if you don’t already know a good one. Again, get a feel for what’s out there.\r\n\r\n \r\n\r\n4)      Ask friends who’ve bought homes for advice. Avoid mistakes they may have made.\r\n\r\n \r\n\r\n \r\n\r\n \r\n\r\nDisclaimer: This quiz does not constitute formal financial advice. Always seek the help of a professional realtor and/or loan officer before beginning the home-buying process.', 16, '0000-00-00 00:00:00', '0000-00-00 00:00:00');

-- --------------------------------------------------------

--
-- Table structure for table `outcomes_template`
--

CREATE TABLE `outcomes_template` (
  `id` int(11) NOT NULL,
  `title` varchar(100) NOT NULL,
  `description` text NOT NULL,
  `quiz_id` int(11) NOT NULL,
  `create_at` datetime NOT NULL,
  `modify_at` datetime NOT NULL
) ENGINE=InnoDB DEFAULT CHARSET=latin1;

--
-- Dumping data for table `outcomes_template`
--

INSERT INTO `outcomes_template` (`id`, `title`, `description`, `quiz_id`, `create_at`, `modify_at`) VALUES
(5, 'outcome1', 'Newly Added Outcome', 1, '0000-00-00 00:00:00', '0000-00-00 00:00:00'),
(6, 'outcome2', 'Newly Added Outcome', 1, '0000-00-00 00:00:00', '0000-00-00 00:00:00');

-- --------------------------------------------------------

--
-- Table structure for table `packages`
--

CREATE TABLE `packages` (
  `id` int(11) NOT NULL,
  `gateway` varchar(20) NOT NULL,
  `stripe_id` varchar(100) DEFAULT NULL,
  `name` varchar(200) NOT NULL,
  `sites_number` int(11) NOT NULL,
  `hosting_option` varchar(100) NOT NULL,
  `export_site` varchar(10) NOT NULL,
  `disk_space` varchar(50) NOT NULL,
  `templates` text NOT NULL,
  `price` double NOT NULL,
  `currency` varchar(20) NOT NULL,
  `subscription` varchar(50) NOT NULL,
  `status` enum('Active','Inactive') NOT NULL,
  `created_at` datetime NOT NULL,
  `modified_at` datetime DEFAULT NULL
) ENGINE=InnoDB DEFAULT CHARSET=utf8;

--
-- Dumping data for table `packages`
--

INSERT INTO `packages` (`id`, `gateway`, `stripe_id`, `name`, `sites_number`, `hosting_option`, `export_site`, `disk_space`, `templates`, `price`, `currency`, `subscription`, `status`, `created_at`, `modified_at`) VALUES
(1, '', NULL, 'Free Trial', 4, '', '', '', '', 0, 'dolllar', 'free', 'Active', '2017-12-20 15:21:34', NULL);

-- --------------------------------------------------------

--
-- Table structure for table `pages`
--

CREATE TABLE `pages` (
  `pages_id` int(11) NOT NULL,
  `sites_id` int(11) NOT NULL,
  `pages_name` varchar(255) NOT NULL,
  `pages_timestamp` int(11) NOT NULL,
  `pages_title` varchar(255) NOT NULL,
  `pages_meta_keywords` text NOT NULL,
  `pages_meta_description` text NOT NULL,
  `pages_header_includes` text NOT NULL,
  `pages_preview` text NOT NULL,
  `pages_template` int(1) NOT NULL DEFAULT '0',
  `pages_css` text NOT NULL,
  `created_at` datetime DEFAULT NULL,
  `modified_at` datetime DEFAULT NULL,
  `pagethumb` varchar(255) NOT NULL
) ENGINE=InnoDB DEFAULT CHARSET=utf8;

--
-- Dumping data for table `pages`
--

INSERT INTO `pages` (`pages_id`, `sites_id`, `pages_name`, `pages_timestamp`, `pages_title`, `pages_meta_keywords`, `pages_meta_description`, `pages_header_includes`, `pages_preview`, `pages_template`, `pages_css`, `created_at`, `modified_at`, `pagethumb`) VALUES
(1, 1, 'index', 1512742710, '', '', '', '', '', 0, '', NULL, NULL, ''),
(2, 2, 'index', 1512821794, '', '', '', '', '', 0, '', NULL, NULL, ''),
(3, 3, 'index', 1512821866, '', '', '', '', '', 0, '', NULL, NULL, ''),
(4, 4, 'index', 1512835104, '', '', '', '', '', 0, '', NULL, NULL, ''),
(5, 5, 'index', 1512835137, '', '', '', '', '', 0, '', NULL, NULL, ''),
(6, 6, 'index', 1512835335, '', '', '', '', '', 0, '', NULL, NULL, ''),
(7, 7, 'index', 1512930568, '', '', '', '', '', 0, '', NULL, NULL, ''),
(8, 8, 'index', 1512931593, '', '', '', '', '', 0, '', NULL, NULL, ''),
(9, 9, 'index', 1512935308, '', '', '', '', '', 0, '', NULL, NULL, ''),
(10, 10, 'index', 1513229622, '', '', '', '', '', 0, '', NULL, NULL, ''),
(11, 11, 'index', 1513251481, '', '', '', '', '', 0, '', NULL, NULL, ''),
(12, 12, 'index', 1513405155, '', '', '', '', '', 0, '', NULL, NULL, ''),
(13, 13, 'index', 1513405868, '', '', '', '', '', 0, '', NULL, NULL, ''),
(14, 14, 'index', 1513405909, '', '', '', '', '', 0, '', NULL, NULL, ''),
(15, 15, 'index', 1513761163, '', '', '', '', '', 0, '', NULL, NULL, '');

-- --------------------------------------------------------

--
-- Table structure for table `payment_log`
--

CREATE TABLE `payment_log` (
  `id` int(11) NOT NULL,
  `request` text NOT NULL,
  `response` text NOT NULL,
  `date` datetime NOT NULL
) ENGINE=InnoDB DEFAULT CHARSET=utf8;

-- --------------------------------------------------------

--
-- Table structure for table `payment_settings`
--

CREATE TABLE `payment_settings` (
  `id` int(11) NOT NULL,
  `name` varchar(255) NOT NULL,
  `value` text NOT NULL,
  `default_value` text NOT NULL,
  `description` text NOT NULL,
  `required` int(1) NOT NULL DEFAULT '0',
  `created_at` datetime NOT NULL,
  `modified_at` datetime DEFAULT NULL
) ENGINE=InnoDB DEFAULT CHARSET=utf8;

--
-- Dumping data for table `payment_settings`
--

INSERT INTO `payment_settings` (`id`, `name`, `value`, `default_value`, `description`, `required`, `created_at`, `modified_at`) VALUES
(1, 'stripe_secret_key', '', '', 'Your Stripe Secret Key.\r\n<br>For more information <a href=\"https://stripe.com/docs/dashboard#api-keys\" target=\"_blank\">Click Here</a>', 0, '0000-00-00 00:00:00', NULL),
(2, 'stripe_publishable_key', '', '', 'Your Stripe Publishable Key.\r\n<br>For more information <a href=\"https://stripe.com/docs/dashboard#api-keys\" target=\"_blank\">Click Here</a>', 0, '0000-00-00 00:00:00', NULL),
(3, 'stripe_test_mode', 'test', 'test', 'Your Stripe Environment', 0, '0000-00-00 00:00:00', NULL),
(4, 'paypal_api_username', '', '', 'Enter your PayPal API username.\r\n<br> For more details <a href=\"https://developer.paypal.com/docs/classic/api/apiCredentials/#create-an-api-signature\" target=\"_blank\">Click Here</a>', 0, '0000-00-00 00:00:00', NULL),
(5, 'paypal_api_password', '', '', 'Enter PayPal API password.\r\n<br> For more details <a href=\"https://developer.paypal.com/docs/classic/api/apiCredentials/#create-an-api-signature\" target=\"_blank\">Click Here</a>', 0, '0000-00-00 00:00:00', NULL),
(6, 'paypal_api_signature', '', '', 'Enter PayPal API signature.\r\n<br> For more details <a href=\"https://developer.paypal.com/docs/classic/api/apiCredentials/#create-an-api-signature\" target=\"_blank\">Click Here</a>', 0, '0000-00-00 00:00:00', NULL),
(7, 'paypal_test_mode', '', '', 'Your PayPal Environment', 0, '0000-00-00 00:00:00', NULL),
(8, 'payment_gateway', 'stripe', 'stripe', 'Select Payment gateway you want for end users.', 0, '0000-00-00 00:00:00', NULL);

-- --------------------------------------------------------

--
-- Table structure for table `questions`
--

CREATE TABLE `questions` (
  `id` int(11) NOT NULL,
  `title` varchar(100) NOT NULL,
  `description` varchar(100) NOT NULL,
  `quiz_id` int(11) NOT NULL
) ENGINE=InnoDB DEFAULT CHARSET=latin1;

--
-- Dumping data for table `questions`
--

INSERT INTO `questions` (`id`, `title`, `description`, `quiz_id`) VALUES
(67, 'Is your skin oily and prone to pimples or acne ?', 'Newly Added Question', 17),
(68, 'Is your skin dry ?', 'Newly Added Question', 17),
(70, 'Is your skin sensitive ?', 'Newly Added Question', 17),
(71, 'Skin Question ?', 'Newly Added Question', 17),
(72, 'What’s your approximate annual income? ?', 'Newly Added Question', 16),
(73, 'Are you employed full-time or part-time ?', 'Newly Added Question', 16),
(74, 'What comes to mind when you think of buying a home ?', 'Newly Added Question', 16),
(75, 'How do you feel about having to take care of a yard ?', 'Newly Added Question', 16);

-- --------------------------------------------------------

--
-- Table structure for table `questions_template`
--

CREATE TABLE `questions_template` (
  `id` int(11) NOT NULL,
  `title` varchar(100) NOT NULL,
  `description` varchar(100) NOT NULL,
  `quiz_id` int(11) NOT NULL
) ENGINE=InnoDB DEFAULT CHARSET=latin1;

--
-- Dumping data for table `questions_template`
--

INSERT INTO `questions_template` (`id`, `title`, `description`, `quiz_id`) VALUES
(1, 'What is your favorite animal ?', 'First Question from template First template', 1),
(2, 'Is your skin oily and prone to pimples or acne?', 'Description', 2),
(3, 'What comes to mind when you think of buying a home?', 'description', 1),
(8, 'New  Question for this quiz try ?', 'Newly Added Question', 2),
(9, 'New  Question for this quiz try ?', 'Newly Added Question', 2);

-- --------------------------------------------------------

--
-- Table structure for table `question_answer`
--

CREATE TABLE `question_answer` (
  `id` int(11) NOT NULL,
  `question_id` int(11) NOT NULL,
  `answer_id` int(11) NOT NULL,
  `create_at` datetime NOT NULL
) ENGINE=InnoDB DEFAULT CHARSET=latin1;

-- --------------------------------------------------------

--
-- Table structure for table `question_type`
--

CREATE TABLE `question_type` (
  `id` int(11) NOT NULL,
  `type` int(11) NOT NULL,
  `description` int(11) NOT NULL
) ENGINE=InnoDB DEFAULT CHARSET=latin1;

-- --------------------------------------------------------

--
-- Table structure for table `quizzes`
--

CREATE TABLE `quizzes` (
  `id` int(11) NOT NULL,
  `user_id` int(11) NOT NULL,
  `title` varchar(50) NOT NULL,
  `description` varchar(50) NOT NULL,
  `create_at` datetime NOT NULL,
  `modify_at` datetime NOT NULL,
  `isactive` tinyint(1) NOT NULL
) ENGINE=InnoDB DEFAULT CHARSET=latin1;

--
-- Dumping data for table `quizzes`
--

INSERT INTO `quizzes` (`id`, `user_id`, `title`, `description`, `create_at`, `modify_at`, `isactive`) VALUES
(16, 2, 'Rent vs. Buying Quiz', 'Should I Keep Renting or Buy My First Home?', '0000-00-00 00:00:00', '0000-00-00 00:00:00', 1),
(17, 1, 'How healthy is your skin', 'Test you skin', '0000-00-00 00:00:00', '0000-00-00 00:00:00', 1);

-- --------------------------------------------------------

--
-- Table structure for table `quizzes_and_categories`
--

CREATE TABLE `quizzes_and_categories` (
  `id` int(11) NOT NULL,
  `quiz_id` int(11) NOT NULL,
  `category_id` int(11) NOT NULL
) ENGINE=InnoDB DEFAULT CHARSET=latin1;

-- --------------------------------------------------------

--
-- Table structure for table `quizzes_template`
--

CREATE TABLE `quizzes_template` (
  `id` int(11) NOT NULL,
  `user_id` int(11) NOT NULL,
  `title` varchar(100) NOT NULL,
  `description` varchar(100) NOT NULL,
  `create_at` date NOT NULL,
  `modify_at` date NOT NULL,
  `isactive` tinyint(1) NOT NULL
) ENGINE=InnoDB DEFAULT CHARSET=latin1;

--
-- Dumping data for table `quizzes_template`
--

INSERT INTO `quizzes_template` (`id`, `user_id`, `title`, `description`, `create_at`, `modify_at`, `isactive`) VALUES
(1, 1, 'First Quiz Template', 'Quiz template', '2017-12-16', '0000-00-00', 1),
(2, 1, 'Second Template', 'Template', '2017-12-17', '0000-00-00', 1);

-- --------------------------------------------------------

--
-- Table structure for table `quiz_categories`
--

CREATE TABLE `quiz_categories` (
  `id` int(11) NOT NULL,
  `title` int(11) NOT NULL,
  `description` varchar(100) NOT NULL
) ENGINE=InnoDB DEFAULT CHARSET=latin1;

-- --------------------------------------------------------

--
-- Table structure for table `quiz_completions`
--

CREATE TABLE `quiz_completions` (
  `id` int(11) NOT NULL,
  `quiz_id` int(11) NOT NULL,
  `user_id` int(11) NOT NULL,
  `completed_at` datetime NOT NULL DEFAULT CURRENT_TIMESTAMP
) ENGINE=InnoDB DEFAULT CHARSET=latin1;

--
-- Dumping data for table `quiz_completions`
--

INSERT INTO `quiz_completions` (`id`, `quiz_id`, `user_id`, `completed_at`) VALUES
(1, 16, 2, '2018-01-14 02:20:05');

-- --------------------------------------------------------

--
-- Table structure for table `quiz_starts`
--

CREATE TABLE `quiz_starts` (
  `id` int(11) NOT NULL,
  `quiz_id` int(11) NOT NULL,
  `user_id` int(11) NOT NULL,
  `started_at` datetime NOT NULL DEFAULT CURRENT_TIMESTAMP
) ENGINE=InnoDB DEFAULT CHARSET=latin1;

--
-- Dumping data for table `quiz_starts`
--

INSERT INTO `quiz_starts` (`id`, `quiz_id`, `user_id`, `started_at`) VALUES
(1, 16, 2, '2018-01-11 22:51:03'),
(2, 17, 1, '2018-01-13 18:01:41'),
(3, 16, 2, '2018-01-14 02:19:42');

-- --------------------------------------------------------

--
-- Table structure for table `quiz_views`
--

CREATE TABLE `quiz_views` (
  `id` int(11) NOT NULL,
  `quiz_id` int(11) NOT NULL,
  `user_id` int(11) NOT NULL,
  `viewed_at` datetime NOT NULL DEFAULT CURRENT_TIMESTAMP
) ENGINE=InnoDB DEFAULT CHARSET=latin1;

--
-- Dumping data for table `quiz_views`
--

INSERT INTO `quiz_views` (`id`, `quiz_id`, `user_id`, `viewed_at`) VALUES
(1, 17, 1, '2018-01-11 19:56:35'),
(2, 17, 1, '2018-01-11 20:00:03'),
(3, 17, 1, '2018-01-11 20:01:50'),
(4, 17, 1, '2018-01-11 20:02:16'),
(5, 16, 2, '2018-01-11 22:51:01'),
(6, 16, 2, '2018-01-11 22:51:36'),
(7, 17, 1, '2018-01-13 18:00:50'),
(8, 16, 2, '2018-01-13 18:21:09'),
(9, 16, 2, '2018-01-13 18:21:19'),
(10, 16, 2, '2018-01-14 02:03:17'),
(11, 16, 2, '2018-01-14 02:03:33'),
(12, 16, 2, '2018-01-14 02:03:40'),
(13, 16, 2, '2018-01-14 02:04:28'),
(14, 16, 2, '2018-01-14 02:18:56');

-- --------------------------------------------------------

--
-- Table structure for table `results`
--

CREATE TABLE `results` (
  `id` int(11) NOT NULL,
  `quiz_id` int(11) NOT NULL,
  `question_id` int(11) NOT NULL,
  `answer_id` int(11) NOT NULL,
  `contact_id` int(11) NOT NULL
) ENGINE=InnoDB DEFAULT CHARSET=latin1;

--
-- Dumping data for table `results`
--

INSERT INTO `results` (`id`, `quiz_id`, `question_id`, `answer_id`, `contact_id`) VALUES
(13, 17, 67, 79, 3),
(14, 17, 68, 82, 3),
(15, 17, 70, 88, 3),
(16, 17, 71, 91, 3),
(17, 17, 67, 78, 4),
(18, 17, 68, 82, 4),
(19, 17, 70, 88, 4),
(20, 17, 71, 91, 4),
(21, 17, 67, 79, 5),
(22, 17, 68, 82, 5),
(23, 17, 70, 88, 5),
(24, 17, 71, 91, 5),
(25, 16, 72, 93, 1),
(26, 16, 73, 99, 1),
(27, 16, 74, 103, 1),
(28, 16, 75, 107, 1);

-- --------------------------------------------------------

--
-- Table structure for table `sites`
--

CREATE TABLE `sites` (
  `sites_id` int(11) NOT NULL,
  `users_id` int(11) NOT NULL,
  `sites_name` varchar(255) NOT NULL,
  `custom_domain` varchar(150) DEFAULT NULL,
  `sub_domain` varchar(150) DEFAULT NULL,
  `sub_folder` varchar(150) DEFAULT NULL,
  `sites_created_on` varchar(100) NOT NULL,
  `sites_lastupdate_on` varchar(100) NOT NULL,
  `ftp_server` varchar(255) NOT NULL,
  `ftp_user` varchar(255) NOT NULL,
  `ftp_password` varchar(255) NOT NULL,
  `ftp_path` varchar(255) NOT NULL DEFAULT '/',
  `ftp_port` int(8) NOT NULL DEFAULT '21',
  `ftp_ok` int(1) NOT NULL,
  `ftp_published` int(1) NOT NULL DEFAULT '0',
  `publish_date` int(11) NOT NULL DEFAULT '0',
  `global_css` text NOT NULL,
  `remote_url` varchar(255) NOT NULL,
  `sites_trashed` int(1) NOT NULL DEFAULT '0',
  `viewmode` varchar(255) NOT NULL DEFAULT '',
  `created_at` datetime DEFAULT NULL,
  `modified_at` datetime DEFAULT NULL,
  `sitethumb` varchar(255) NOT NULL
) ENGINE=InnoDB DEFAULT CHARSET=utf8;

--
-- Dumping data for table `sites`
--

INSERT INTO `sites` (`sites_id`, `users_id`, `sites_name`, `custom_domain`, `sub_domain`, `sub_folder`, `sites_created_on`, `sites_lastupdate_on`, `ftp_server`, `ftp_user`, `ftp_password`, `ftp_path`, `ftp_port`, `ftp_ok`, `ftp_published`, `publish_date`, `global_css`, `remote_url`, `sites_trashed`, `viewmode`, `created_at`, `modified_at`, `sitethumb`) VALUES
(1, 1, 'My New Site', NULL, NULL, NULL, '1512742710', '', '', '', '', '/', 21, 0, 0, 0, '', '', 1, '', NULL, NULL, ''),
(2, 1, 'My New Site', NULL, NULL, NULL, '1512821794', '', '', '', '', '/', 21, 0, 0, 0, '', '', 1, '', NULL, NULL, ''),
(3, 1, 'My New Site', NULL, NULL, NULL, '1512821866', '', '', '', '', '/', 21, 0, 0, 0, '', '', 1, '', NULL, NULL, ''),
(4, 1, 'My New Site', NULL, NULL, NULL, '1512835103', '', '', '', '', '/', 21, 0, 0, 0, '', '', 1, '', NULL, NULL, ''),
(5, 1, 'My New Site', NULL, NULL, NULL, '1512835137', '', '', '', '', '/', 21, 0, 0, 0, '', '', 1, '', NULL, NULL, ''),
(6, 1, 'My New Site', NULL, NULL, NULL, '1512835334', '', '', '', '', '/', 21, 0, 0, 0, '', '', 1, '', NULL, NULL, ''),
(7, 1, 'Sample Site', '', '', '', '1512930440', '1512930568', '', '', '', '/', 21, 0, 0, 0, '', '', 1, 'desktop', NULL, NULL, ''),
(8, 1, 'My New Site', NULL, NULL, NULL, '1512931593', '', '', '', '', '/', 21, 0, 0, 0, '', '', 1, '', NULL, NULL, ''),
(9, 1, 'My New Site', NULL, NULL, NULL, '1512935308', '', '', '', '', '/', 21, 0, 0, 0, '', '', 1, '', NULL, NULL, ''),
(10, 1, 'Site Preview', '', '', '', '1513229221', '1513229621', '', '', '', '/', 21, 0, 0, 0, '', '', 0, 'desktop', NULL, NULL, 'tmp/sitethumbs/sitethumb_10.jpg'),
(11, 2, 'My New Site', NULL, NULL, NULL, '1513251481', '', '', '', '', '/', 21, 0, 0, 0, '', '', 0, '', NULL, NULL, ''),
(12, 2, 'My New Site', NULL, NULL, NULL, '1513405155', '', '', '', '', '/', 21, 0, 0, 0, '', '', 1, '', NULL, NULL, ''),
(13, 2, 'My New Site', NULL, NULL, NULL, '1513405868', '', '', '', '', '/', 21, 0, 0, 0, '', '', 1, '', NULL, NULL, ''),
(14, 2, 'My New Site', NULL, NULL, NULL, '1513405909', '', '', '', '', '/', 21, 0, 0, 0, '', '', 1, '', NULL, NULL, ''),
(15, 1, 'My New Site', NULL, NULL, NULL, '1513761163', '', '', '', '', '/', 21, 0, 0, 0, '', '', 0, '', NULL, NULL, '');

-- --------------------------------------------------------

--
-- Table structure for table `users`
--

CREATE TABLE `users` (
  `id` int(11) UNSIGNED NOT NULL,
  `package_id` int(11) NOT NULL DEFAULT '0',
  `username` varchar(100) NOT NULL,
  `email` varchar(255) NOT NULL,
  `password` varchar(255) NOT NULL,
  `first_name` varchar(50) DEFAULT NULL,
  `last_name` varchar(50) DEFAULT NULL,
  `activation_code` varchar(40) DEFAULT NULL,
  `forgot_code` varchar(40) DEFAULT NULL,
  `remember_code` varchar(40) DEFAULT NULL,
  `last_login` int(11) UNSIGNED DEFAULT NULL,
  `stripe_cus_id` varchar(50) DEFAULT NULL,
  `stripe_sub_id` varchar(50) DEFAULT NULL,
  `paypal_token` varchar(255) DEFAULT NULL,
  `paypal_profile_id` varchar(255) DEFAULT NULL,
  `paypal_profile_status` varchar(20) DEFAULT NULL,
  `paypal_last_transaction_id` varchar(30) DEFAULT NULL,
  `current_subscription_gateway` enum('stripe','paypal') NOT NULL,
  `payer_id` varchar(128) DEFAULT NULL,
  `paypal_next_payment_date` varchar(128) DEFAULT NULL,
  `paypal_previous_payment_date` varchar(128) DEFAULT NULL,
  `type` varchar(30) NOT NULL,
  `status` enum('Active','Inactive') NOT NULL,
  `created_at` datetime NOT NULL,
  `modified_at` datetime DEFAULT NULL
) ENGINE=InnoDB DEFAULT CHARSET=utf8;

--
-- Dumping data for table `users`
--

INSERT INTO `users` (`id`, `package_id`, `username`, `email`, `password`, `first_name`, `last_name`, `activation_code`, `forgot_code`, `remember_code`, `last_login`, `stripe_cus_id`, `stripe_sub_id`, `paypal_token`, `paypal_profile_id`, `paypal_profile_status`, `paypal_last_transaction_id`, `current_subscription_gateway`, `payer_id`, `paypal_next_payment_date`, `paypal_previous_payment_date`, `type`, `status`, `created_at`, `modified_at`) VALUES
(1, 0, 'admin@bearzu.com', 'admin@bearzu.com', 'f865b53623b121fd34ee5426c792e5c3', 'Admin', 'istrator', '1b21159590f6513bdbe7094d4ad327b1', NULL, NULL, NULL, NULL, NULL, '', '', '', '', '', '', '', '', 'Admin', 'Active', '2016-11-30 04:44:51', '2017-07-14 13:48:35'),
(2, 0, 'mainuser@gmail.com', 'mainuser@gmail.com', 'f865b53623b121fd34ee5426c792e5c3', 'First', 'User', NULL, NULL, NULL, NULL, NULL, NULL, NULL, NULL, NULL, NULL, '', NULL, NULL, NULL, 'User', 'Active', '2017-12-14 00:00:00', '2017-12-14 05:55:16'),
(3, 1, 'account@gmail.com', 'account@gmail.com', '356a192b7913b04c54574d18c28d46e6', 'Acc', 'ount', NULL, NULL, NULL, NULL, '', NULL, NULL, NULL, NULL, NULL, 'stripe', NULL, NULL, NULL, 'User', 'Active', '2017-12-20 22:37:22', NULL);

-- --------------------------------------------------------

--
-- Table structure for table `user_logs`
--

CREATE TABLE `user_logs` (
  `id` int(11) NOT NULL,
  `user_id` int(11) NOT NULL,
  `answer_id` int(11) NOT NULL,
  `question_id` int(11) NOT NULL
) ENGINE=InnoDB DEFAULT CHARSET=latin1;

--
-- Indexes for dumped tables
--

--
-- Indexes for table `apps_settings`
--
ALTER TABLE `apps_settings`
  ADD PRIMARY KEY (`id`);

--
-- Indexes for table `choices`
--
ALTER TABLE `choices`
  ADD PRIMARY KEY (`id`);

--
-- Indexes for table `choices_template`
--
ALTER TABLE `choices_template`
  ADD PRIMARY KEY (`id`);

--
-- Indexes for table `ci_sessions`
--
ALTER TABLE `ci_sessions`
  ADD KEY `ci_sessions_timestamp` (`timestamp`);

--
-- Indexes for table `contacts`
--
ALTER TABLE `contacts`
  ADD PRIMARY KEY (`id`);

--
-- Indexes for table `contacts_results`
--
ALTER TABLE `contacts_results`
  ADD PRIMARY KEY (`id`);

--
-- Indexes for table `core_settings`
--
ALTER TABLE `core_settings`
  ADD PRIMARY KEY (`id`);

--
-- Indexes for table `frames`
--
ALTER TABLE `frames`
  ADD PRIMARY KEY (`frames_id`);

--
-- Indexes for table `outcomes`
--
ALTER TABLE `outcomes`
  ADD PRIMARY KEY (`id`);

--
-- Indexes for table `outcomes_template`
--
ALTER TABLE `outcomes_template`
  ADD PRIMARY KEY (`id`);

--
-- Indexes for table `packages`
--
ALTER TABLE `packages`
  ADD PRIMARY KEY (`id`);

--
-- Indexes for table `pages`
--
ALTER TABLE `pages`
  ADD PRIMARY KEY (`pages_id`);

--
-- Indexes for table `payment_log`
--
ALTER TABLE `payment_log`
  ADD PRIMARY KEY (`id`);

--
-- Indexes for table `payment_settings`
--
ALTER TABLE `payment_settings`
  ADD PRIMARY KEY (`id`);

--
-- Indexes for table `questions`
--
ALTER TABLE `questions`
  ADD PRIMARY KEY (`id`);

--
-- Indexes for table `questions_template`
--
ALTER TABLE `questions_template`
  ADD PRIMARY KEY (`id`);

--
-- Indexes for table `quizzes`
--
ALTER TABLE `quizzes`
  ADD PRIMARY KEY (`id`);

--
-- Indexes for table `quizzes_and_categories`
--
ALTER TABLE `quizzes_and_categories`
  ADD PRIMARY KEY (`id`);

--
-- Indexes for table `quizzes_template`
--
ALTER TABLE `quizzes_template`
  ADD PRIMARY KEY (`id`);

--
-- Indexes for table `quiz_categories`
--
ALTER TABLE `quiz_categories`
  ADD PRIMARY KEY (`id`);

--
-- Indexes for table `quiz_completions`
--
ALTER TABLE `quiz_completions`
  ADD PRIMARY KEY (`id`);

--
-- Indexes for table `quiz_starts`
--
ALTER TABLE `quiz_starts`
  ADD PRIMARY KEY (`id`);

--
-- Indexes for table `quiz_views`
--
ALTER TABLE `quiz_views`
  ADD PRIMARY KEY (`id`);

--
-- Indexes for table `results`
--
ALTER TABLE `results`
  ADD PRIMARY KEY (`id`);

--
-- Indexes for table `sites`
--
ALTER TABLE `sites`
  ADD PRIMARY KEY (`sites_id`);

--
-- Indexes for table `users`
--
ALTER TABLE `users`
  ADD PRIMARY KEY (`id`);

--
-- Indexes for table `user_logs`
--
ALTER TABLE `user_logs`
  ADD PRIMARY KEY (`id`);

--
-- AUTO_INCREMENT for dumped tables
--

--
-- AUTO_INCREMENT for table `apps_settings`
--
ALTER TABLE `apps_settings`
  MODIFY `id` int(11) NOT NULL AUTO_INCREMENT, AUTO_INCREMENT=13;
--
-- AUTO_INCREMENT for table `choices`
--
ALTER TABLE `choices`
  MODIFY `id` int(11) NOT NULL AUTO_INCREMENT, AUTO_INCREMENT=109;
--
-- AUTO_INCREMENT for table `choices_template`
--
ALTER TABLE `choices_template`
  MODIFY `id` int(11) NOT NULL AUTO_INCREMENT, AUTO_INCREMENT=12;
--
-- AUTO_INCREMENT for table `contacts`
--
ALTER TABLE `contacts`
  MODIFY `id` int(11) NOT NULL AUTO_INCREMENT, AUTO_INCREMENT=2;
--
-- AUTO_INCREMENT for table `contacts_results`
--
ALTER TABLE `contacts_results`
  MODIFY `id` int(11) NOT NULL AUTO_INCREMENT, AUTO_INCREMENT=2;
--
-- AUTO_INCREMENT for table `core_settings`
--
ALTER TABLE `core_settings`
  MODIFY `id` int(11) NOT NULL AUTO_INCREMENT, AUTO_INCREMENT=3;
--
-- AUTO_INCREMENT for table `frames`
--
ALTER TABLE `frames`
  MODIFY `frames_id` int(11) NOT NULL AUTO_INCREMENT, AUTO_INCREMENT=5;
--
-- AUTO_INCREMENT for table `outcomes`
--
ALTER TABLE `outcomes`
  MODIFY `id` int(11) NOT NULL AUTO_INCREMENT, AUTO_INCREMENT=14;
--
-- AUTO_INCREMENT for table `outcomes_template`
--
ALTER TABLE `outcomes_template`
  MODIFY `id` int(11) NOT NULL AUTO_INCREMENT, AUTO_INCREMENT=7;
--
-- AUTO_INCREMENT for table `packages`
--
ALTER TABLE `packages`
  MODIFY `id` int(11) NOT NULL AUTO_INCREMENT, AUTO_INCREMENT=2;
--
-- AUTO_INCREMENT for table `pages`
--
ALTER TABLE `pages`
  MODIFY `pages_id` int(11) NOT NULL AUTO_INCREMENT, AUTO_INCREMENT=16;
--
-- AUTO_INCREMENT for table `payment_log`
--
ALTER TABLE `payment_log`
  MODIFY `id` int(11) NOT NULL AUTO_INCREMENT;
--
-- AUTO_INCREMENT for table `payment_settings`
--
ALTER TABLE `payment_settings`
  MODIFY `id` int(11) NOT NULL AUTO_INCREMENT, AUTO_INCREMENT=9;
--
-- AUTO_INCREMENT for table `questions`
--
ALTER TABLE `questions`
  MODIFY `id` int(11) NOT NULL AUTO_INCREMENT, AUTO_INCREMENT=76;
--
-- AUTO_INCREMENT for table `questions_template`
--
ALTER TABLE `questions_template`
  MODIFY `id` int(11) NOT NULL AUTO_INCREMENT, AUTO_INCREMENT=10;
--
-- AUTO_INCREMENT for table `quizzes`
--
ALTER TABLE `quizzes`
  MODIFY `id` int(11) NOT NULL AUTO_INCREMENT, AUTO_INCREMENT=18;
--
-- AUTO_INCREMENT for table `quizzes_and_categories`
--
ALTER TABLE `quizzes_and_categories`
  MODIFY `id` int(11) NOT NULL AUTO_INCREMENT;
--
-- AUTO_INCREMENT for table `quizzes_template`
--
ALTER TABLE `quizzes_template`
  MODIFY `id` int(11) NOT NULL AUTO_INCREMENT, AUTO_INCREMENT=3;
--
-- AUTO_INCREMENT for table `quiz_categories`
--
ALTER TABLE `quiz_categories`
  MODIFY `id` int(11) NOT NULL AUTO_INCREMENT;
--
-- AUTO_INCREMENT for table `quiz_completions`
--
ALTER TABLE `quiz_completions`
  MODIFY `id` int(11) NOT NULL AUTO_INCREMENT, AUTO_INCREMENT=2;
--
-- AUTO_INCREMENT for table `quiz_starts`
--
ALTER TABLE `quiz_starts`
  MODIFY `id` int(11) NOT NULL AUTO_INCREMENT, AUTO_INCREMENT=4;
--
-- AUTO_INCREMENT for table `quiz_views`
--
ALTER TABLE `quiz_views`
  MODIFY `id` int(11) NOT NULL AUTO_INCREMENT, AUTO_INCREMENT=15;
--
-- AUTO_INCREMENT for table `results`
--
ALTER TABLE `results`
  MODIFY `id` int(11) NOT NULL AUTO_INCREMENT, AUTO_INCREMENT=29;
--
-- AUTO_INCREMENT for table `sites`
--
ALTER TABLE `sites`
  MODIFY `sites_id` int(11) NOT NULL AUTO_INCREMENT, AUTO_INCREMENT=16;
--
-- AUTO_INCREMENT for table `users`
--
ALTER TABLE `users`
  MODIFY `id` int(11) UNSIGNED NOT NULL AUTO_INCREMENT, AUTO_INCREMENT=4;
--
-- AUTO_INCREMENT for table `user_logs`
--
ALTER TABLE `user_logs`
  MODIFY `id` int(11) NOT NULL AUTO_INCREMENT;COMMIT;

/*!40101 SET CHARACTER_SET_CLIENT=@OLD_CHARACTER_SET_CLIENT */;
/*!40101 SET CHARACTER_SET_RESULTS=@OLD_CHARACTER_SET_RESULTS */;
/*!40101 SET COLLATION_CONNECTION=@OLD_COLLATION_CONNECTION */;
